analysis_error,arm,axis_amplitude,axis_b12_initial_conc_mol_m3,axis_control,axis_kd_corrinoid_btuB_mol_m3,axis_nominal_target_per_generation,axis_repeat,axis_selected_amplitude,axis_selected_b12,axis_selected_kd,axis_selected_kd_corrinoid_btuB_mol_m3,axis_sos_lysis_prob,chemistry_placement,divisions,execution_source_sha_expected,execution_source_sha_match,execution_source_sha_observed,kills_per_division,kills_per_lysis,mean_btuB_expression_final,mean_mu_type1,mean_mu_type2,model_baseline_sha,mortality_colicin,mortality_lysis,n_type1,n_type2,outflow_boundary,output_path,output_status,producer_divisions,realized_lysis_per_division,realized_lysis_per_producer_division,realized_lysis_per_total_division,run_id,samples,seed,sensitivity_1h_slope_log10_ratio_per_h,sensitivity_1h_tail_median_log10_ratio,slope_log10_ratio_per_h,stage,t_end_s,tail_median_log10_ratio,termination_cause
,qualification,,,,,,1,,,,,,,,29fd563ce73b28059cb439694e92466f451ddb4a,,,,,,,,ad037ef96f3433a1ad4008994956f89c68a3ed39,,,,,,,missing,,,,,Q_repeat1_s20260911,,20260911,,,,Q,,,
,qualification,,,,,,2,,,,,,,,29fd563ce73b28059cb439694e92466f451ddb4a,,,,,,,,ad037ef96f3433a1ad4008994956f89c68a3ed39,,,,,,,missing,,,,,Q_repeat2_s20260911,,20260911,,,,Q,,,
,producer,,,,1e-06,,,,,,,,,,29fd563ce73b28059cb439694e92466f451ddb4a,,,,,,,,ad037ef96f3433a1ad4008994956f89c68a3ed39,,,,,,,missing,,,,,A_kd1e-06_producer_s20260911,,20260911,,,,A,,,
,producer,,,,1e-06,,,,,,,,,,29fd563ce73b28059cb439694e92466f451ddb4a,,,,,,,,ad037ef96f3433a1ad4008994956f89c68a3ed39,,,,,,,missing,,,,,A_kd1e-06_producer_s20260913,,20260913,,,,A,,,
,producer,,,,1e-06,,,,,,,,,,29fd563ce73b28059cb439694e92466f451ddb4a,,,,,,,,ad037ef96f3433a1ad4008994956f89c68a3ed39,,,,,,,missing,,,,,A_kd1e-06_producer_s20260917,,20260917,,,,A,,,
,null,,,,1e-06,,,,,,,,,,29fd563ce73b28059cb439694e92466f451ddb4a,,,,,,,,ad037ef96f3433a1ad4008994956f89c68a3ed39,,,,,,,missing,,,,,A_kd1e-06_null_s20260911,,20260911,,,,A,,,
,null,,,,1e-06,,,,,,,,,,29fd563ce73b28059cb439694e92466f451ddb4a,,,,,,,,ad037ef96f3433a1ad4008994956f89c68a3ed39,,,,,,,missing,,,,,A_kd1e-06_null_s20260913,,20260913,,,,A,,,
,null,,,,1e-06,,,,,,,,,,29fd563ce73b28059cb439694e92466f451ddb4a,,,,,,,,ad037ef96f3433a1ad4008994956f89c68a3ed39,,,,,,,missing,,,,,A_kd1e-06_null_s20260917,,20260917,,,,A,,,
,producer,,,,1e-05,,,,,,,,,,29fd563ce73b28059cb439694e92466f451ddb4a,,,,,,,,ad037ef96f3433a1ad4008994956f89c68a3ed39,,,,,,,missing,,,,,A_kd1e-05_producer_s20260911,,20260911,,,,A,,,
,producer,,,,1e-05,,,,,,,,,,29fd563ce73b28059cb439694e92466f451ddb4a,,,,,,,,ad037ef96f3433a1ad4008994956f89c68a3ed39,,,,,,,missing,,,,,A_kd1e-05_producer_s20260913,,20260913,,,,A,,,
,producer,,,,1e-05,,,,,,,,,,29fd563ce73b28059cb439694e92466f451ddb4a,,,,,,,,ad037ef96f3433a1ad4008994956f89c68a3ed39,,,,,,,missing,,,,,A_kd1e-05_producer_s20260917,,20260917,,,,A,,,
,null,,,,1e-05,,,,,,,,,,29fd563ce73b28059cb439694e92466f451ddb4a,,,,,,,,ad037ef96f3433a1ad4008994956f89c68a3ed39,,,,,,,missing,,,,,A_kd1e-05_null_s20260911,,20260911,,,,A,,,
,null,,,,1e-05,,,,,,,,,,29fd563ce73b28059cb439694e92466f451ddb4a,,,,,,,,ad037ef96f3433a1ad4008994956f89c68a3ed39,,,,,,,missing,,,,,A_kd1e-05_null_s20260913,,20260913,,,,A,,,
,null,,,,1e-05,,,,,,,,,,29fd563ce73b28059cb439694e92466f451ddb4a,,,,,,,,ad037ef96f3433a1ad4008994956f89c68a3ed39,,,,,,,missing,,,,,A_kd1e-05_null_s20260917,,20260917,,,,A,,,
,producer,,,,0.0001,,,,,,,,,,29fd563ce73b28059cb439694e92466f451ddb4a,,,,,,,,ad037ef96f3433a1ad4008994956f89c68a3ed39,,,,,,,missing,,,,,A_kd1e-04_producer_s20260911,,20260911,,,,A,,,
,producer,,,,0.0001,,,,,,,,,,29fd563ce73b28059cb439694e92466f451ddb4a,,,,,,,,ad037ef96f3433a1ad4008994956f89c68a3ed39,,,,,,,missing,,,,,A_kd1e-04_producer_s20260913,,20260913,,,,A,,,
,producer,,,,0.0001,,,,,,,,,,29fd563ce73b28059cb439694e92466f451ddb4a,,,,,,,,ad037ef96f3433a1ad4008994956f89c68a3ed39,,,,,,,missing,,,,,A_kd1e-04_producer_s20260917,,20260917,,,,A,,,
,null,,,,0.0001,,,,,,,,,,29fd563ce73b28059cb439694e92466f451ddb4a,,,,,,,,ad037ef96f3433a1ad4008994956f89c68a3ed39,,,,,,,missing,,,,,A_kd1e-04_null_s20260911,,20260911,,,,A,,,
,null,,,,0.0001,,,,,,,,,,29fd563ce73b28059cb439694e92466f451ddb4a,,,,,,,,ad037ef96f3433a1ad4008994956f89c68a3ed39,,,,,,,missing,,,,,A_kd1e-04_null_s20260913,,20260913,,,,A,,,
,null,,,,0.0001,,,,,,,,,,29fd563ce73b28059cb439694e92466f451ddb4a,,,,,,,,ad037ef96f3433a1ad4008994956f89c68a3ed39,,,,,,,missing,,,,,A_kd1e-04_null_s20260917,,20260917,,,,A,,,
,producer,,,,0.001,,,,,,,,,,29fd563ce73b28059cb439694e92466f451ddb4a,,,,,,,,ad037ef96f3433a1ad4008994956f89c68a3ed39,,,,,,,missing,,,,,A_kd1e-03_producer_s20260911,,20260911,,,,A,,,
,producer,,,,0.001,,,,,,,,,,29fd563ce73b28059cb439694e92466f451ddb4a,,,,,,,,ad037ef96f3433a1ad4008994956f89c68a3ed39,,,,,,,missing,,,,,A_kd1e-03_producer_s20260913,,20260913,,,,A,,,
,producer,,,,0.001,,,,,,,,,,29fd563ce73b28059cb439694e92466f451ddb4a,,,,,,,,ad037ef96f3433a1ad4008994956f89c68a3ed39,,,,,,,missing,,,,,A_kd1e-03_producer_s20260917,,20260917,,,,A,,,
,null,,,,0.001,,,,,,,,,,29fd563ce73b28059cb439694e92466f451ddb4a,,,,,,,,ad037ef96f3433a1ad4008994956f89c68a3ed39,,,,,,,missing,,,,,A_kd1e-03_null_s20260911,,20260911,,,,A,,,
,null,,,,0.001,,,,,,,,,,29fd563ce73b28059cb439694e92466f451ddb4a,,,,,,,,ad037ef96f3433a1ad4008994956f89c68a3ed39,,,,,,,missing,,,,,A_kd1e-03_null_s20260913,,20260913,,,,A,,,
,null,,,,0.001,,,,,,,,,,29fd563ce73b28059cb439694e92466f451ddb4a,,,,,,,,ad037ef96f3433a1ad4008994956f89c68a3ed39,,,,,,,missing,,,,,A_kd1e-03_null_s20260917,,20260917,,,,A,,,
,btuB_normal_vs_null,,0.001,,,,,,,,0.0001,,,,29fd563ce73b28059cb439694e92466f451ddb4a,,,,,,,,ad037ef96f3433a1ad4008994956f89c68a3ed39,,,,,,,missing,,,,,B_b121e-03_competition_s20260911,,20260911,,,,B,,,
,btuB_normal_vs_null,,0.001,,,,,,,,0.0001,,,,29fd563ce73b28059cb439694e92466f451ddb4a,,,,,,,,ad037ef96f3433a1ad4008994956f89c68a3ed39,,,,,,,missing,,,,,B_b121e-03_competition_s20260913,,20260913,,,,B,,,
,btuB_normal_vs_null,,0.001,,,,,,,,0.0001,,,,29fd563ce73b28059cb439694e92466f451ddb4a,,,,,,,,ad037ef96f3433a1ad4008994956f89c68a3ed39,,,,,,,missing,,,,,B_b121e-03_competition_s20260917,,20260917,,,,B,,,
,btuB_normal_vs_null,,0.0001,,,,,,,,0.0001,,,,29fd563ce73b28059cb439694e92466f451ddb4a,,,,,,,,ad037ef96f3433a1ad4008994956f89c68a3ed39,,,,,,,missing,,,,,B_b121e-04_competition_s20260911,,20260911,,,,B,,,
,btuB_normal_vs_null,,0.0001,,,,,,,,0.0001,,,,29fd563ce73b28059cb439694e92466f451ddb4a,,,,,,,,ad037ef96f3433a1ad4008994956f89c68a3ed39,,,,,,,missing,,,,,B_b121e-04_competition_s20260913,,20260913,,,,B,,,
,btuB_normal_vs_null,,0.0001,,,,,,,,0.0001,,,,29fd563ce73b28059cb439694e92466f451ddb4a,,,,,,,,ad037ef96f3433a1ad4008994956f89c68a3ed39,,,,,,,missing,,,,,B_b121e-04_competition_s20260917,,20260917,,,,B,,,
,btuB_normal_vs_null,,1e-05,,,,,,,,0.0001,,,,29fd563ce73b28059cb439694e92466f451ddb4a,,,,,,,,ad037ef96f3433a1ad4008994956f89c68a3ed39,,,,,,,missing,,,,,B_b121e-05_competition_s20260911,,20260911,,,,B,,,
,btuB_normal_vs_null,,1e-05,,,,,,,,0.0001,,,,29fd563ce73b28059cb439694e92466f451ddb4a,,,,,,,,ad037ef96f3433a1ad4008994956f89c68a3ed39,,,,,,,missing,,,,,B_b121e-05_competition_s20260913,,20260913,,,,B,,,
,btuB_normal_vs_null,,1e-05,,,,,,,,0.0001,,,,29fd563ce73b28059cb439694e92466f451ddb4a,,,,,,,,ad037ef96f3433a1ad4008994956f89c68a3ed39,,,,,,,missing,,,,,B_b121e-05_competition_s20260917,,20260917,,,,B,,,
,btuB_normal_vs_null,,1e-06,,,,,,,,0.0001,,,,29fd563ce73b28059cb439694e92466f451ddb4a,,,,,,,,ad037ef96f3433a1ad4008994956f89c68a3ed39,,,,,,,missing,,,,,B_b121e-06_competition_s20260911,,20260911,,,,B,,,
,btuB_normal_vs_null,,1e-06,,,,,,,,0.0001,,,,29fd563ce73b28059cb439694e92466f451ddb4a,,,,,,,,ad037ef96f3433a1ad4008994956f89c68a3ed39,,,,,,,missing,,,,,B_b121e-06_competition_s20260913,,20260913,,,,B,,,
,btuB_normal_vs_null,,1e-06,,,,,,,,0.0001,,,,29fd563ce73b28059cb439694e92466f451ddb4a,,,,,,,,ad037ef96f3433a1ad4008994956f89c68a3ed39,,,,,,,missing,,,,,B_b121e-06_competition_s20260917,,20260917,,,,B,,,
,producer,0,,,,,,,0.001,0.0001,,,,,29fd563ce73b28059cb439694e92466f451ddb4a,,,,,,,,ad037ef96f3433a1ad4008994956f89c68a3ed39,,,,,,,missing,,,,,C_amp0_producer_s20260911,,20260911,,,,C,,,
,producer,0,,,,,,,0.001,0.0001,,,,,29fd563ce73b28059cb439694e92466f451ddb4a,,,,,,,,ad037ef96f3433a1ad4008994956f89c68a3ed39,,,,,,,missing,,,,,C_amp0_producer_s20260913,,20260913,,,,C,,,
,producer,0,,,,,,,0.001,0.0001,,,,,29fd563ce73b28059cb439694e92466f451ddb4a,,,,,,,,ad037ef96f3433a1ad4008994956f89c68a3ed39,,,,,,,missing,,,,,C_amp0_producer_s20260917,,20260917,,,,C,,,
,producer,15,,,,,,,0.001,0.0001,,,,,29fd563ce73b28059cb439694e92466f451ddb4a,,,,,,,,ad037ef96f3433a1ad4008994956f89c68a3ed39,,,,,,,missing,,,,,C_amp15_producer_s20260911,,20260911,,,,C,,,
,producer,15,,,,,,,0.001,0.0001,,,,,29fd563ce73b28059cb439694e92466f451ddb4a,,,,,,,,ad037ef96f3433a1ad4008994956f89c68a3ed39,,,,,,,missing,,,,,C_amp15_producer_s20260913,,20260913,,,,C,,,
,producer,15,,,,,,,0.001,0.0001,,,,,29fd563ce73b28059cb439694e92466f451ddb4a,,,,,,,,ad037ef96f3433a1ad4008994956f89c68a3ed39,,,,,,,missing,,,,,C_amp15_producer_s20260917,,20260917,,,,C,,,
,producer,60,,,,,,,0.001,0.0001,,,,,29fd563ce73b28059cb439694e92466f451ddb4a,,,,,,,,ad037ef96f3433a1ad4008994956f89c68a3ed39,,,,,,,missing,,,,,C_amp60_producer_s20260911,,20260911,,,,C,,,
,producer,60,,,,,,,0.001,0.0001,,,,,29fd563ce73b28059cb439694e92466f451ddb4a,,,,,,,,ad037ef96f3433a1ad4008994956f89c68a3ed39,,,,,,,missing,,,,,C_amp60_producer_s20260913,,20260913,,,,C,,,
,producer,60,,,,,,,0.001,0.0001,,,,,29fd563ce73b28059cb439694e92466f451ddb4a,,,,,,,,ad037ef96f3433a1ad4008994956f89c68a3ed39,,,,,,,missing,,,,,C_amp60_producer_s20260917,,20260917,,,,C,,,
,shared_null,15.0,,,,,,,0.001,0.0001,,,,,29fd563ce73b28059cb439694e92466f451ddb4a,,,,,,,,ad037ef96f3433a1ad4008994956f89c68a3ed39,,,,,,,missing,,,,,C_shared_null_amp15.0_s20260911,,20260911,,,,C,,,
,shared_null,15.0,,,,,,,0.001,0.0001,,,,,29fd563ce73b28059cb439694e92466f451ddb4a,,,,,,,,ad037ef96f3433a1ad4008994956f89c68a3ed39,,,,,,,missing,,,,,C_shared_null_amp15.0_s20260913,,20260913,,,,C,,,
,shared_null,15.0,,,,,,,0.001,0.0001,,,,,29fd563ce73b28059cb439694e92466f451ddb4a,,,,,,,,ad037ef96f3433a1ad4008994956f89c68a3ed39,,,,,,,missing,,,,,C_shared_null_amp15.0_s20260917,,20260917,,,,C,,,
,producer,,,,,0,,15.0,,,,0,device_delivery,20855,29fd563ce73b28059cb439694e92466f451ddb4a,True,29fd563ce73b28059cb439694e92466f451ddb4a,0.0,,,0.0002843100767088758,0.0002777892726537343,ad037ef96f3433a1ad4008994956f89c68a3ed39,0,0,8165,12788,22,/home/ubuntu/gutibm-gatec-29fd563c/experiments/receptor_selection_campaign_v1/generated/stage_D/results/0/output.h5.gz,terminated,8127,0.0,0.0,0.0,D_target0.000_producer_s20260911,13,20260911,-0.10551876608808554,-0.003064218894962925,-0.0005608339658128926,D,17400.0,-0.0028934161337538134,dysbiosis_guard
,producer,,,,,0,,15.0,,,,0,device_delivery,20242,29fd563ce73b28059cb439694e92466f451ddb4a,True,29fd563ce73b28059cb439694e92466f451ddb4a,0.0,,,0.00028599931288441385,0.0002876886107604899,ad037ef96f3433a1ad4008994956f89c68a3ed39,0,0,8521,11787,54,/home/ubuntu/gutibm-gatec-29fd563c/experiments/receptor_selection_campaign_v1/generated/stage_D/results/1/output.h5.gz,terminated,8492,0.0,0.0,0.0,D_target0.000_producer_s20260913,13,20260913,-0.07675115553020931,-0.00034442760266970116,0.005030264138603998,D,17400.0,-0.00034442760266970116,dysbiosis_guard
,producer,,,,,0,,15.0,,,,0,device_delivery,20559,29fd563ce73b28059cb439694e92466f451ddb4a,True,29fd563ce73b28059cb439694e92466f451ddb4a,0.0,,,0.00029244453088784095,0.00029061495727628674,ad037ef96f3433a1ad4008994956f89c68a3ed39,0,0,8113,12513,53,/home/ubuntu/gutibm-gatec-29fd563c/experiments/receptor_selection_campaign_v1/generated/stage_D/results/2/output.h5.gz,terminated,8102,0.0,0.0,0.0,D_target0.000_producer_s20260917,13,20260917,-0.09376214226429043,-0.0079390602382345,-0.00152852389479165,D,17400.0,-0.007766172305257311,dysbiosis_guard
,producer,,,,,0.01,,15.0,,,,0.00501256289338,device_delivery,22847,29fd563ce73b28059cb439694e92466f451ddb4a,True,29fd563ce73b28059cb439694e92466f451ddb4a,0.13406574167286733,23.74418604651163,,0.0002991821795375067,0.00031189278561698003,ad037ef96f3433a1ad4008994956f89c68a3ed39,3063,129,14450,5290,35,/home/ubuntu/gutibm-gatec-29fd563c/experiments/receptor_selection_campaign_v1/generated/stage_D/results/3/output.h5.gz,terminated,14560,0.00885989010989011,0.00885989010989011,0.005646255525889613,D_target0.010_producer_s20260911,13,20260911,0.19640737237395572,0.21583832826669033,0.20554278825653427,D,18000.0,0.17706932262910696,dysbiosis_guard
,producer,,,,,0.01,,15.0,,,,0.00501256289338,device_delivery,24093,29fd563ce73b28059cb439694e92466f451ddb4a,True,29fd563ce73b28059cb439694e92466f451ddb4a,0.13435437678993897,30.252336448598133,,0.00030523198863080113,0.00031187728396217144,ad037ef96f3433a1ad4008994956f89c68a3ed39,3237,107,14579,6224,66,/home/ubuntu/gutibm-gatec-29fd563c/experiments/receptor_selection_campaign_v1/generated/stage_D/results/4/output.h5.gz,terminated,14682,0.007287835444762294,0.007287835444762294,0.004441123977918898,D_target0.010_producer_s20260913,13,20260913,0.19269485942862166,0.16609925671573872,0.1922709587127366,D,18000.0,0.13308205834240588,dysbiosis_guard
,producer,,,,,0.01,,15.0,,,,0.00501256289338,device_delivery,23477,29fd563ce73b28059cb439694e92466f451ddb4a,True,29fd563ce73b28059cb439694e92466f451ddb4a,0.14431145376325766,28.470588235294116,,0.0002991347086760885,0.00031422352793423434,ad037ef96f3433a1ad4008994956f89c68a3ed39,3388,119,14467,5549,74,/home/ubuntu/gutibm-gatec-29fd563c/experiments/receptor_selection_campaign_v1/generated/stage_D/results/5/output.h5.gz,terminated,14603,0.008149010477299184,0.008149010477299184,0.005068790731354091,D_target0.010_producer_s20260917,13,20260917,0.22283749667784408,0.19280662479663507,0.2061282038351474,D,18000.0,0.1457743756571444,dysbiosis_guard
,producer,,,,,0.02,,15.0,,,,0.0100505063388,device_delivery,34013,29fd563ce73b28059cb439694e92466f451ddb4a,True,29fd563ce73b28059cb439694e92466f451ddb4a,0.15517596213212595,10.169556840077071,,0.00029144426566276877,0.00030986084986397663,ad037ef96f3433a1ad4008994956f89c68a3ed39,5278,519,26487,1785,64,/home/ubuntu/gutibm-gatec-29fd563c/experiments/receptor_selection_campaign_v1/generated/stage_D/results/6/output.h5.gz,terminated,27036,0.019196626719928982,0.019196626719928982,0.015258871607914622,D_target0.020_producer_s20260911,13,20260911,0.5661495451030978,0.8127098692593356,0.44359990836155244,D,20400.0,0.5590492666600906,dysbiosis_guard
,producer,,,,,0.02,,15.0,,,,0.0100505063388,device_delivery,36202,29fd563ce73b28059cb439694e92466f451ddb4a,True,29fd563ce73b28059cb439694e92466f451ddb4a,0.16338876305176508,11.877510040160642,,0.000292179839193701,0.00030755263854232324,ad037ef96f3433a1ad4008994956f89c68a3ed39,5915,498,27683,2127,99,/home/ubuntu/gutibm-gatec-29fd563c/experiments/receptor_selection_campaign_v1/generated/stage_D/results/7/output.h5.gz,terminated,28239,0.017635185381918623,0.017635185381918623,0.01375614606927794,D_target0.020_producer_s20260913,13,20260913,0.5518276311519354,0.7707753899879376,0.440341380550246,D,20400.0,0.5104913781041021,dysbiosis_guard
,producer,,,,,0.02,,15.0,,,,0.0100505063388,device_delivery,35507,29fd563ce73b28059cb439694e92466f451ddb4a,True,29fd563ce73b28059cb439694e92466f451ddb4a,0.16869912974906356,12.427385892116183,,0.00028882709433578616,0.0003091183824420109,ad037ef96f3433a1ad4008994956f89c68a3ed39,5990,482,26723,2302,130,/home/ubuntu/gutibm-gatec-29fd563c/experiments/receptor_selection_campaign_v1/generated/stage_D/results/8/output.h5.gz,terminated,27296,0.01765826494724502,0.01765826494724502,0.013574788069958037,D_target0.020_producer_s20260917,13,20260917,0.5368834244088687,0.7302811564175921,0.42527217317589777,D,20400.0,0.486907006510624,dysbiosis_guard
,producer,,,,,0.05,,15.0,,,,0.0253205655191,device_delivery,29379,29fd563ce73b28059cb439694e92466f451ddb4a,True,29fd563ce73b28059cb439694e92466f451ddb4a,0.12393206031519112,3.0140728476821192,,0.0002941029485102327,0.00030997344649058074,ad037ef96f3433a1ad4008994956f89c68a3ed39,3641,1208,24003,577,70,/home/ubuntu/gutibm-gatec-29fd563c/experiments/receptor_selection_campaign_v1/generated/stage_D/results/9/output.h5.gz,terminated,25257,0.04782832482084175,0.04782832482084175,0.04111780523503183,D_target0.050_producer_s20260911,13,20260911,0.7305622544503614,1.2370626707455221,0.6065152892269174,D,20400.0,0.8179234318635416,dysbiosis_guard
,producer,,,,,0.05,,15.0,,,,0.0253205655191,device_delivery,29909,29fd563ce73b28059cb439694e92466f451ddb4a,True,29fd563ce73b28059cb439694e92466f451ddb4a,0.12785449195894213,3.3930789707187223,,0.0003000085083507397,0.00031139874553777074,ad037ef96f3433a1ad4008994956f89c68a3ed39,3824,1127,24396,605,77,/home/ubuntu/gutibm-gatec-29fd563c/experiments/receptor_selection_campaign_v1/generated/stage_D/results/10/output.h5.gz,terminated,25552,0.044106136505948655,0.044106136505948655,0.03768096559564011,D_target0.050_producer_s20260913,13,20260913,0.7502128253752707,1.237005416095517,0.6173288269260371,D,20400.0,0.7817265515041972,dysbiosis_guard
,producer,,,,,0.05,,15.0,,,,0.0253205655191,device_delivery,28440,29fd563ce73b28059cb439694e92466f451ddb4a,True,29fd563ce73b28059cb439694e92466f451ddb4a,0.1297819971870605,3.439888164026095,,0.00029340756950414906,0.0003136828952214224,ad037ef96f3433a1ad4008994956f89c68a3ed39,3691,1073,22991,679,126,/home/ubuntu/gutibm-gatec-29fd563c/experiments/receptor_selection_campaign_v1/generated/stage_D/results/11/output.h5.gz,terminated,24166,0.04440122486137549,0.04440122486137549,0.03772855133614627,D_target0.050_producer_s20260917,13,20260917,0.700251865933444,1.1483652576680425,0.570574987733293,D,20400.0,0.7642540413286718,dysbiosis_guard
,plasmid_free_null,,,plasmid_free_null,,,,15.0,0.001,0.0001,,,device_delivery,16987,29fd563ce73b28059cb439694e92466f451ddb4a,True,29fd563ce73b28059cb439694e92466f451ddb4a,0.0,,,0.0003104623788312916,0.0003121174108950434,ad037ef96f3433a1ad4008994956f89c68a3ed39,0,0,7642,7680,19,/home/ubuntu/gutibm-gatec-29fd563c/experiments/receptor_selection_campaign_v1/generated/stage_D/results/12/output.h5.gz,terminated,8319,0.0,0.0,0.0,D_plasmid_free_null_s20260911,13,20260911,-0.0010583867725868664,-0.0019836008471049316,0.0007737427136200779,D,16800.0,-0.0012456955870233325,dysbiosis_guard
,plasmid_free_null,,,plasmid_free_null,,,,15.0,0.001,0.0001,,,device_delivery,16917,29fd563ce73b28059cb439694e92466f451ddb4a,True,29fd563ce73b28059cb439694e92466f451ddb4a,0.0,,,0.00031171013029542276,0.0003097197536211012,ad037ef96f3433a1ad4008994956f89c68a3ed39,0,0,7579,7597,69,/home/ubuntu/gutibm-gatec-29fd563c/experiments/receptor_selection_campaign_v1/generated/stage_D/results/13/output.h5.gz,terminated,8711,0.0,0.0,0.0,D_plasmid_free_null_s20260913,13,20260913,0.00041167090322123716,-0.0011412290942351732,0.0022342686857399797,D,16800.0,-0.0011412290942351732,dysbiosis_guard
,plasmid_free_null,,,plasmid_free_null,,,,15.0,0.001,0.0001,,,device_delivery,17498,29fd563ce73b28059cb439694e92466f451ddb4a,True,29fd563ce73b28059cb439694e92466f451ddb4a,0.0,,,0.0003105669763036705,0.0003123396508935722,ad037ef96f3433a1ad4008994956f89c68a3ed39,0,0,7525,7679,51,/home/ubuntu/gutibm-gatec-29fd563c/experiments/receptor_selection_campaign_v1/generated/stage_D/results/14/output.h5.gz,terminated,8284,0.0,0.0,0.0,D_plasmid_free_null_s20260917,13,20260917,-0.002074571662569055,-0.008336152124298252,0.0018220422130541905,D,16800.0,-0.007298280413768576,dysbiosis_guard
