container_image_digest,contrast,control_run_id,delta_slope_log10_ratio_per_h,delta_tail_median_log10_ratio,execution_source_sha_expected,execution_source_sha_match_both,run_id,same_stage_control,samples_control,samples_treatment,seed,slope_log10_ratio_per_h_control,slope_log10_ratio_per_h_treatment,stage,t_common_s,tail_median_log10_ratio_control,tail_median_log10_ratio_treatment,window_s
sha256:fafc77ee802882bee6e47321515057aed20c0326d622bfb287862ef15304f748,producer_minus_same_image_plasmid_free_null,D_plasmid_free_null_s20260911,0.019743858147271164,-0.0006809793349828249,29fd563ce73b28059cb439694e92466f451ddb4a,True,D_target0.000_producer_s20260911,True,13,13,20260911,0.0007737427136200787,0.02051760086089124,D,16800.0,-0.0012456955870233325,-0.0019266749220061574,7200
sha256:fafc77ee802882bee6e47321515057aed20c0326d622bfb287862ef15304f748,producer_minus_same_image_plasmid_free_null,D_plasmid_free_null_s20260913,0.016037520227821896,0.0011412290942351732,29fd563ce73b28059cb439694e92466f451ddb4a,True,D_target0.000_producer_s20260913,True,13,13,20260913,0.0022342686857399797,0.018271788913561876,D,16800.0,-0.0011412290942351732,0.0,7200
sha256:fafc77ee802882bee6e47321515057aed20c0326d622bfb287862ef15304f748,producer_minus_same_image_plasmid_free_null,D_plasmid_free_null_s20260917,0.0151228834695823,0.001030473774487865,29fd563ce73b28059cb439694e92466f451ddb4a,True,D_target0.000_producer_s20260917,True,13,13,20260917,0.0018220422130541918,0.016944925682636492,D,16800.0,-0.007298280413768576,-0.006267806639280711,7200
sha256:fafc77ee802882bee6e47321515057aed20c0326d622bfb287862ef15304f748,producer_minus_same_image_plasmid_free_null,D_plasmid_free_null_s20260911,0.1705790347302628,0.1282457451181047,29fd563ce73b28059cb439694e92466f451ddb4a,True,D_target0.010_producer_s20260911,True,13,13,20260911,0.0007737427136200787,0.1713527774438829,D,16800.0,-0.0012456955870233325,0.12700004953108135,7200
sha256:fafc77ee802882bee6e47321515057aed20c0326d622bfb287862ef15304f748,producer_minus_same_image_plasmid_free_null,D_plasmid_free_null_s20260913,0.15540264647108443,0.08545379601247345,29fd563ce73b28059cb439694e92466f451ddb4a,True,D_target0.010_producer_s20260913,True,13,13,20260913,0.0022342686857399797,0.1576369151568244,D,16800.0,-0.0011412290942351732,0.08431256691823828,7200
sha256:fafc77ee802882bee6e47321515057aed20c0326d622bfb287862ef15304f748,producer_minus_same_image_plasmid_free_null,D_plasmid_free_null_s20260917,0.15899687525214704,0.09125967501628987,29fd563ce73b28059cb439694e92466f451ddb4a,True,D_target0.010_producer_s20260917,True,13,13,20260917,0.0018220422130541918,0.16081891746520122,D,16800.0,-0.007298280413768576,0.08396139460252129,7200
sha256:fafc77ee802882bee6e47321515057aed20c0326d622bfb287862ef15304f748,producer_minus_same_image_plasmid_free_null,D_plasmid_free_null_s20260911,0.2665386947500327,0.22753429734803288,29fd563ce73b28059cb439694e92466f451ddb4a,True,D_target0.020_producer_s20260911,True,13,13,20260911,0.0007737427136200787,0.2673124374636528,D,16800.0,-0.0012456955870233325,0.22628860176100954,7200
sha256:fafc77ee802882bee6e47321515057aed20c0326d622bfb287862ef15304f748,producer_minus_same_image_plasmid_free_null,D_plasmid_free_null_s20260913,0.26396222310975714,0.1806359269564316,29fd563ce73b28059cb439694e92466f451ddb4a,True,D_target0.020_producer_s20260913,True,13,13,20260913,0.0022342686857399797,0.26619649179549715,D,16800.0,-0.0011412290942351732,0.17949469786219643,7200
sha256:fafc77ee802882bee6e47321515057aed20c0326d622bfb287862ef15304f748,producer_minus_same_image_plasmid_free_null,D_plasmid_free_null_s20260917,0.24236730053678754,0.18622354336835345,29fd563ce73b28059cb439694e92466f451ddb4a,True,D_target0.020_producer_s20260917,True,13,13,20260917,0.0018220422130541918,0.24418934274984172,D,16800.0,-0.007298280413768576,0.17892526295458488,7200
sha256:fafc77ee802882bee6e47321515057aed20c0326d622bfb287862ef15304f748,producer_minus_same_image_plasmid_free_null,D_plasmid_free_null_s20260911,0.38907985597148464,0.3644138098687697,29fd563ce73b28059cb439694e92466f451ddb4a,True,D_target0.050_producer_s20260911,True,13,13,20260911,0.0007737427136200787,0.3898535986851047,D,16800.0,-0.0012456955870233325,0.3631681142817464,7200
sha256:fafc77ee802882bee6e47321515057aed20c0326d622bfb287862ef15304f748,producer_minus_same_image_plasmid_free_null,D_plasmid_free_null_s20260913,0.3760665632440891,0.3335732436067653,29fd563ce73b28059cb439694e92466f451ddb4a,True,D_target0.050_producer_s20260913,True,13,13,20260913,0.0022342686857399797,0.3783008319298291,D,16800.0,-0.0011412290942351732,0.3324320145125301,7200
sha256:fafc77ee802882bee6e47321515057aed20c0326d622bfb287862ef15304f748,producer_minus_same_image_plasmid_free_null,D_plasmid_free_null_s20260917,0.35910758137276055,0.330313814535199,29fd563ce73b28059cb439694e92466f451ddb4a,True,D_target0.050_producer_s20260917,True,13,13,20260917,0.0018220422130541918,0.36092962358581476,D,16800.0,-0.007298280413768576,0.3230155341214304,7200
sha256:fafc77ee802882bee6e47321515057aed20c0326d622bfb287862ef15304f748,producer_minus_same_image_plasmid_free_null,D_plasmid_free_null_s20260919,0.01733442260799192,-0.0011293982741410443,29fd563ce73b28059cb439694e92466f451ddb4a,True,D_target0.000_producer_s20260919,True,13,13,20260919,0.0028330021911777067,0.020167424799169626,D,16800.0,0.0063784233290845715,0.005249025054943527,7200
sha256:fafc77ee802882bee6e47321515057aed20c0326d622bfb287862ef15304f748,producer_minus_same_image_plasmid_free_null,D_plasmid_free_null_s20260921,0.009369368061968062,0.0006925530051138055,29fd563ce73b28059cb439694e92466f451ddb4a,True,D_target0.000_producer_s20260921,True,13,13,20260921,-0.000970745134662227,0.008398622927305836,D,16800.0,-0.006957071931803734,-0.006264518926689928,7200
sha256:fafc77ee802882bee6e47321515057aed20c0326d622bfb287862ef15304f748,producer_minus_same_image_plasmid_free_null,D_plasmid_free_null_s20260923,0.018329145752004884,-0.0041076101859678854,29fd563ce73b28059cb439694e92466f451ddb4a,True,D_target0.000_producer_s20260923,True,13,13,20260923,-0.0006099957202717858,0.0177191500317331,D,16800.0,0.005920477861507587,0.0018128676755397013,7200
sha256:fafc77ee802882bee6e47321515057aed20c0326d622bfb287862ef15304f748,producer_minus_same_image_plasmid_free_null,D_plasmid_free_null_s20260925,0.011584908970806027,-0.00325945522154316,29fd563ce73b28059cb439694e92466f451ddb4a,True,D_target0.000_producer_s20260925,True,13,13,20260925,0.004916463788072984,0.016501372758879012,D,16800.0,-0.005465760431380404,-0.008725215652923564,7200
sha256:fafc77ee802882bee6e47321515057aed20c0326d622bfb287862ef15304f748,producer_minus_same_image_plasmid_free_null,D_plasmid_free_null_s20260927,0.010221588493675056,-0.0016038385185386922,29fd563ce73b28059cb439694e92466f451ddb4a,True,D_target0.000_producer_s20260927,True,13,13,20260927,0.004212564392300429,0.014434152885975484,D,16800.0,0.0011471070638989752,-0.000456731454639717,7200
sha256:fafc77ee802882bee6e47321515057aed20c0326d622bfb287862ef15304f748,producer_minus_same_image_plasmid_free_null,D_plasmid_free_null_s20260929,0.010732905041603218,-0.0020439233656189266,29fd563ce73b28059cb439694e92466f451ddb4a,True,D_target0.000_producer_s20260929,True,13,13,20260929,0.004502256652062402,0.01523516169366562,D,16800.0,0.0024985630113291877,0.0004546396457102612,7200
sha256:fafc77ee802882bee6e47321515057aed20c0326d622bfb287862ef15304f748,producer_minus_same_image_plasmid_free_null,D_plasmid_free_null_s20261001,0.009047919303141406,-0.0037523122441409634,29fd563ce73b28059cb439694e92466f451ddb4a,True,D_target0.000_producer_s20261001,True,13,13,20261001,0.0032831266753950367,0.012331045978536443,D,16800.0,-0.0021720485275338215,-0.005924360771674785,7200
sha256:fafc77ee802882bee6e47321515057aed20c0326d622bfb287862ef15304f748,producer_minus_same_image_plasmid_free_null,D_plasmid_free_null_s20261003,0.014789552253457568,0.0,29fd563ce73b28059cb439694e92466f451ddb4a,True,D_target0.000_producer_s20261003,True,13,13,20261003,0.0019180205282752628,0.01670757278173283,D,16800.0,0.0,0.0,7200
sha256:fafc77ee802882bee6e47321515057aed20c0326d622bfb287862ef15304f748,producer_minus_same_image_plasmid_free_null,D_plasmid_free_null_s20261005,0.02313004250010356,0.00022622452711597632,29fd563ce73b28059cb439694e92466f451ddb4a,True,D_target0.000_producer_s20261005,True,13,13,20261005,-0.004899008084305814,0.018231034415797747,D,16800.0,0.0002262834397438456,0.0004525079668598219,7200
sha256:fafc77ee802882bee6e47321515057aed20c0326d622bfb287862ef15304f748,producer_minus_same_image_plasmid_free_null,D_plasmid_free_null_s20261007,0.017216716856925055,0.001322397298058763,29fd563ce73b28059cb439694e92466f451ddb4a,True,D_target0.000_producer_s20261007,True,13,13,20261007,-0.000339680248874928,0.016877036608050126,D,16800.0,0.0025613772391675092,0.003883774537226272,7200
sha256:fafc77ee802882bee6e47321515057aed20c0326d622bfb287862ef15304f748,producer_minus_same_image_plasmid_free_null,D_plasmid_free_null_s20260919,0.1417852150741131,0.099256844163428,29fd563ce73b28059cb439694e92466f451ddb4a,True,D_target0.010_producer_s20260919,True,13,13,20260919,0.0028330021911777067,0.1446182172652908,D,16800.0,0.0063784233290845715,0.10563526749251258,7200
sha256:fafc77ee802882bee6e47321515057aed20c0326d622bfb287862ef15304f748,producer_minus_same_image_plasmid_free_null,D_plasmid_free_null_s20260921,0.14428281375852237,0.08963607358532893,29fd563ce73b28059cb439694e92466f451ddb4a,True,D_target0.010_producer_s20260921,True,13,13,20260921,-0.000970745134662227,0.14331206862386014,D,16800.0,-0.006957071931803734,0.08267900165352521,7200
sha256:fafc77ee802882bee6e47321515057aed20c0326d622bfb287862ef15304f748,producer_minus_same_image_plasmid_free_null,D_plasmid_free_null_s20260923,0.15831529265759048,0.09090205514184106,29fd563ce73b28059cb439694e92466f451ddb4a,True,D_target0.010_producer_s20260923,True,13,13,20260923,-0.0006099957202717858,0.1577052969373187,D,16800.0,0.005920477861507587,0.09682253300334864,7200
sha256:fafc77ee802882bee6e47321515057aed20c0326d622bfb287862ef15304f748,producer_minus_same_image_plasmid_free_null,D_plasmid_free_null_s20260925,0.18545042634238326,0.12047082671384658,29fd563ce73b28059cb439694e92466f451ddb4a,True,D_target0.010_producer_s20260925,True,13,13,20260925,0.004916463788072984,0.19036689013045624,D,16800.0,-0.005465760431380404,0.11500506628246618,7200
sha256:fafc77ee802882bee6e47321515057aed20c0326d622bfb287862ef15304f748,producer_minus_same_image_plasmid_free_null,D_plasmid_free_null_s20260927,0.16941528812968082,0.13236810239049027,29fd563ce73b28059cb439694e92466f451ddb4a,True,D_target0.010_producer_s20260927,True,13,13,20260927,0.004212564392300429,0.17362785252198124,D,16800.0,0.0011471070638989752,0.13351520945438924,7200
sha256:fafc77ee802882bee6e47321515057aed20c0326d622bfb287862ef15304f748,producer_minus_same_image_plasmid_free_null,D_plasmid_free_null_s20260929,0.15479734973940115,0.12383553045588257,29fd563ce73b28059cb439694e92466f451ddb4a,True,D_target0.010_producer_s20260929,True,13,13,20260929,0.004502256652062402,0.15929960639146357,D,16800.0,0.0024985630113291877,0.12633409346721175,7200
sha256:fafc77ee802882bee6e47321515057aed20c0326d622bfb287862ef15304f748,producer_minus_same_image_plasmid_free_null,D_plasmid_free_null_s20261001,0.14207050327233378,0.09734905227428617,29fd563ce73b28059cb439694e92466f451ddb4a,True,D_target0.010_producer_s20261001,True,13,13,20261001,0.0032831266753950367,0.14535362994772882,D,16800.0,-0.0021720485275338215,0.09517700374675235,7200
sha256:fafc77ee802882bee6e47321515057aed20c0326d622bfb287862ef15304f748,producer_minus_same_image_plasmid_free_null,D_plasmid_free_null_s20261003,0.17088023581998993,0.05216348692793563,29fd563ce73b28059cb439694e92466f451ddb4a,True,D_target0.010_producer_s20261003,True,13,13,20261003,0.0019180205282752628,0.17279825634826518,D,16800.0,0.0,0.05216348692793563,7200
sha256:fafc77ee802882bee6e47321515057aed20c0326d622bfb287862ef15304f748,producer_minus_same_image_plasmid_free_null,D_plasmid_free_null_s20261005,0.16743658689740012,0.07874869593010039,29fd563ce73b28059cb439694e92466f451ddb4a,True,D_target0.010_producer_s20261005,True,13,13,20261005,-0.004899008084305814,0.1625375788130943,D,16800.0,0.0002262834397438456,0.07897497936984424,7200
sha256:fafc77ee802882bee6e47321515057aed20c0326d622bfb287862ef15304f748,producer_minus_same_image_plasmid_free_null,D_plasmid_free_null_s20261007,0.16054900965549854,0.0917923498997739,29fd563ce73b28059cb439694e92466f451ddb4a,True,D_target0.010_producer_s20261007,True,13,13,20261007,-0.000339680248874928,0.1602093294066236,D,16800.0,0.0025613772391675092,0.09435372713894141,7200
sha256:fafc77ee802882bee6e47321515057aed20c0326d622bfb287862ef15304f748,producer_minus_same_image_plasmid_free_null,D_plasmid_free_null_s20260919,0.2606902454815182,0.20089817983583363,29fd563ce73b28059cb439694e92466f451ddb4a,True,D_target0.020_producer_s20260919,True,13,13,20260919,0.0028330021911777067,0.2635232476726959,D,16800.0,0.0063784233290845715,0.2072766031649182,7200
sha256:fafc77ee802882bee6e47321515057aed20c0326d622bfb287862ef15304f748,producer_minus_same_image_plasmid_free_null,D_plasmid_free_null_s20260921,0.2610256555599025,0.1868365934785842,29fd563ce73b28059cb439694e92466f451ddb4a,True,D_target0.020_producer_s20260921,True,13,13,20260921,-0.000970745134662227,0.26005491042524026,D,16800.0,-0.006957071931803734,0.17987952154678047,7200
sha256:fafc77ee802882bee6e47321515057aed20c0326d622bfb287862ef15304f748,producer_minus_same_image_plasmid_free_null,D_plasmid_free_null_s20260923,0.26019214646476635,0.25576474261759063,29fd563ce73b28059cb439694e92466f451ddb4a,True,D_target0.020_producer_s20260923,True,13,13,20260923,-0.0006099957202717858,0.2595821507444946,D,16800.0,0.005920477861507587,0.2616852204790982,7200
sha256:fafc77ee802882bee6e47321515057aed20c0326d622bfb287862ef15304f748,producer_minus_same_image_plasmid_free_null,D_plasmid_free_null_s20260925,0.24785009408451586,0.18529067131748106,29fd563ce73b28059cb439694e92466f451ddb4a,True,D_target0.020_producer_s20260925,True,13,13,20260925,0.004916463788072984,0.25276655787258884,D,16800.0,-0.005465760431380404,0.17982491088610064,7200
sha256:fafc77ee802882bee6e47321515057aed20c0326d622bfb287862ef15304f748,producer_minus_same_image_plasmid_free_null,D_plasmid_free_null_s20260927,0.23352276257107896,0.13936261325275995,29fd563ce73b28059cb439694e92466f451ddb4a,True,D_target0.020_producer_s20260927,True,13,13,20260927,0.004212564392300429,0.23773532696337937,D,16800.0,0.0011471070638989752,0.14050972031665893,7200
sha256:fafc77ee802882bee6e47321515057aed20c0326d622bfb287862ef15304f748,producer_minus_same_image_plasmid_free_null,D_plasmid_free_null_s20260929,0.23821404709712068,0.1550563529705629,29fd563ce73b28059cb439694e92466f451ddb4a,True,D_target0.020_producer_s20260929,True,13,13,20260929,0.004502256652062402,0.2427163037491831,D,16800.0,0.0024985630113291877,0.15755491598189209,7200
sha256:fafc77ee802882bee6e47321515057aed20c0326d622bfb287862ef15304f748,producer_minus_same_image_plasmid_free_null,D_plasmid_free_null_s20261001,0.265717784062131,0.1897286926430532,29fd563ce73b28059cb439694e92466f451ddb4a,True,D_target0.020_producer_s20261001,True,13,13,20261001,0.0032831266753950367,0.269000910737526,D,16800.0,-0.0021720485275338215,0.18755664411551937,7200
sha256:fafc77ee802882bee6e47321515057aed20c0326d622bfb287862ef15304f748,producer_minus_same_image_plasmid_free_null,D_plasmid_free_null_s20261003,0.25545187598020563,0.20390210309299883,29fd563ce73b28059cb439694e92466f451ddb4a,True,D_target0.020_producer_s20261003,True,13,13,20261003,0.0019180205282752628,0.2573698965084809,D,16800.0,0.0,0.20390210309299883,7200
sha256:fafc77ee802882bee6e47321515057aed20c0326d622bfb287862ef15304f748,producer_minus_same_image_plasmid_free_null,D_plasmid_free_null_s20261005,0.23889009619947654,0.20897069189018072,29fd563ce73b28059cb439694e92466f451ddb4a,True,D_target0.020_producer_s20261005,True,13,13,20261005,-0.004899008084305814,0.23399108811517072,D,16800.0,0.0002262834397438456,0.20919697532992457,7200
sha256:fafc77ee802882bee6e47321515057aed20c0326d622bfb287862ef15304f748,producer_minus_same_image_plasmid_free_null,D_plasmid_free_null_s20261007,0.2373504198818645,0.1760560523103152,29fd563ce73b28059cb439694e92466f451ddb4a,True,D_target0.020_producer_s20261007,True,13,13,20261007,-0.000339680248874928,0.23701073963298958,D,16800.0,0.0025613772391675092,0.17861742954948273,7200
sha256:fafc77ee802882bee6e47321515057aed20c0326d622bfb287862ef15304f748,producer_minus_same_image_plasmid_free_null,D_plasmid_free_null_s20260919,0.367261170683688,0.28106122887613655,29fd563ce73b28059cb439694e92466f451ddb4a,True,D_target0.050_producer_s20260919,True,13,13,20260919,0.0028330021911777067,0.37009417287486573,D,16800.0,0.0063784233290845715,0.2874396522052211,7200
sha256:fafc77ee802882bee6e47321515057aed20c0326d622bfb287862ef15304f748,producer_minus_same_image_plasmid_free_null,D_plasmid_free_null_s20260921,0.36985234955787594,0.3273887353573407,29fd563ce73b28059cb439694e92466f451ddb4a,True,D_target0.050_producer_s20260921,True,13,13,20260921,-0.000970745134662227,0.3688816044232137,D,16800.0,-0.006957071931803734,0.32043166342553697,7200
sha256:fafc77ee802882bee6e47321515057aed20c0326d622bfb287862ef15304f748,producer_minus_same_image_plasmid_free_null,D_plasmid_free_null_s20260923,0.37866126283925927,0.35746460493984,29fd563ce73b28059cb439694e92466f451ddb4a,True,D_target0.050_producer_s20260923,True,13,13,20260923,-0.0006099957202717858,0.3780512671189875,D,16800.0,0.005920477861507587,0.36338508280134757,7200
sha256:fafc77ee802882bee6e47321515057aed20c0326d622bfb287862ef15304f748,producer_minus_same_image_plasmid_free_null,D_plasmid_free_null_s20260925,0.36733649939761587,0.2795923384909927,29fd563ce73b28059cb439694e92466f451ddb4a,True,D_target0.050_producer_s20260925,True,13,13,20260925,0.004916463788072984,0.37225296318568885,D,16800.0,-0.005465760431380404,0.27412657805961227,7200
sha256:fafc77ee802882bee6e47321515057aed20c0326d622bfb287862ef15304f748,producer_minus_same_image_plasmid_free_null,D_plasmid_free_null_s20260927,0.39235689167989546,0.327022834993973,29fd563ce73b28059cb439694e92466f451ddb4a,True,D_target0.050_producer_s20260927,True,13,13,20260927,0.004212564392300429,0.3965694560721959,D,16800.0,0.0011471070638989752,0.328169942057872,7200
sha256:fafc77ee802882bee6e47321515057aed20c0326d622bfb287862ef15304f748,producer_minus_same_image_plasmid_free_null,D_plasmid_free_null_s20260929,0.3803902593208492,0.35841565002306397,29fd563ce73b28059cb439694e92466f451ddb4a,True,D_target0.050_producer_s20260929,True,13,13,20260929,0.004502256652062402,0.3848925159729116,D,16800.0,0.0024985630113291877,0.36091421303439314,7200
sha256:fafc77ee802882bee6e47321515057aed20c0326d622bfb287862ef15304f748,producer_minus_same_image_plasmid_free_null,D_plasmid_free_null_s20261001,0.38173848478299055,0.3551053483722517,29fd563ce73b28059cb439694e92466f451ddb4a,True,D_target0.050_producer_s20261001,True,13,13,20261001,0.0032831266753950367,0.3850216114583856,D,16800.0,-0.0021720485275338215,0.3529332998447179,7200
sha256:fafc77ee802882bee6e47321515057aed20c0326d622bfb287862ef15304f748,producer_minus_same_image_plasmid_free_null,D_plasmid_free_null_s20261003,0.39482565928106866,0.35642641747686704,29fd563ce73b28059cb439694e92466f451ddb4a,True,D_target0.050_producer_s20261003,True,13,13,20261003,0.0019180205282752628,0.39674367980934394,D,16800.0,0.0,0.35642641747686704,7200
sha256:fafc77ee802882bee6e47321515057aed20c0326d622bfb287862ef15304f748,producer_minus_same_image_plasmid_free_null,D_plasmid_free_null_s20261005,0.41431021930513234,0.37794813159498786,29fd563ce73b28059cb439694e92466f451ddb4a,True,D_target0.050_producer_s20261005,True,13,13,20261005,-0.004899008084305814,0.4094112112208265,D,16800.0,0.0002262834397438456,0.3781744150347317,7200
sha256:fafc77ee802882bee6e47321515057aed20c0326d622bfb287862ef15304f748,producer_minus_same_image_plasmid_free_null,D_plasmid_free_null_s20261007,0.3798307102424951,0.3104454743379079,29fd563ce73b28059cb439694e92466f451ddb4a,True,D_target0.050_producer_s20261007,True,13,13,20261007,-0.000339680248874928,0.37949102999362017,D,16800.0,0.0025613772391675092,0.3130068515770754,7200
