run_id,seed,amplitude,t_s,source_age_s,release_weight,r50_um,r90_um,near_field_0_10_mean,profile_complete
SS_amp0_producer_s20260911,20260911,0.0,360.0,120.0,0.6703200460356393,28.740007172740945,37.251884505728235,3.431552118405672e-07,True
SS_amp0_producer_s20260911,20260911,0.0,480.0,240.0,0.44932896411722156,28.740007172740945,37.251884505728235,2.3002381739833852e-07,True
SS_amp0_producer_s20260911,20260911,0.0,600.0,360.0,0.30119421191220214,28.74000717274095,37.251884505728235,1.5418957586774775e-07,True
SS_amp0_producer_s20260911,20260911,0.0,720.0,480.0,0.20189651799465538,28.740007172740945,37.251884505728235,1.0335636359388435e-07,True
SS_amp0_producer_s20260911,20260911,0.0,840.0,600.0,0.1353352832366127,28.740007172740945,37.251884505728235,6.928184240232884e-08,True
SS_amp0_producer_s20260911,20260911,0.0,960.0,720.0,0.09071795328941251,28.74000717274095,37.251884505728235,4.644100778856297e-08,True
SS_amp0_producer_s20260911,20260911,0.0,1080.0,840.0,0.06081006262521797,28.740007172740945,37.251884505728235,3.113033847877101e-08,True
SS_amp0_producer_s20260911,20260911,0.0,1200.0,960.0,0.04076220397836621,28.740007172740945,37.251884505728235,2.0867289922194823e-08,True
SS_amp0_producer_s20260911,20260911,0.0,1320.0,1080.0,0.02732372244729256,28.740007172740945,37.251884505728235,1.3987762741284667e-08,True
SS_amp0_producer_s20260911,20260911,0.0,1440.0,1200.0,0.01831563888873418,28.740007172740945,37.251884505728235,9.376277764673538e-09,True
SS_amp0_producer_s20260911,20260911,0.0,1560.0,1320.0,0.012277339903068436,28.740007172740945,37.251884505728235,6.285106942858906e-09,True
SS_amp0_producer_s20260911,20260911,0.0,1680.0,1440.0,0.00822974704902003,28.74000717274095,37.251884505728235,4.213033175276099e-09,True
SS_amp0_producer_s20260913,20260913,0.0,360.0,120.0,0.6703200460356393,28.720586468965557,37.249586853837776,4.0865960903321266e-07,True
SS_amp0_producer_s20260913,20260913,0.0,480.0,240.0,0.44932896411722156,28.72058646896556,37.24958685383778,2.739327279400495e-07,True
SS_amp0_producer_s20260913,20260913,0.0,600.0,360.0,0.30119421191220214,28.720586468965557,37.24958685383778,1.836225988034422e-07,True
SS_amp0_producer_s20260913,20260913,0.0,720.0,480.0,0.20189651799465538,28.72058646896556,37.24958685383778,1.2308590888310713e-07,True
SS_amp0_producer_s20260913,20260913,0.0,840.0,600.0,0.1353352832366127,28.72058646896556,37.24958685383778,8.250695210886285e-08,True
SS_amp0_producer_s20260913,20260913,0.0,960.0,720.0,0.09071795328941251,28.72058646896556,37.24958685383778,5.530606393587323e-08,True
SS_amp0_producer_s20260913,20260913,0.0,1080.0,840.0,0.06081006262521797,28.72058646896556,37.24958685383778,3.7072763323544554e-08,True
SS_amp0_producer_s20260913,20260913,0.0,1200.0,960.0,0.04076220397836621,28.720586468965557,37.24958685383778,2.485061641770676e-08,True
SS_amp0_producer_s20260913,20260913,0.0,1320.0,1080.0,0.02732372244729256,28.720586468965557,37.24958685383778,1.6657866341131203e-08,True
SS_amp0_producer_s20260913,20260913,0.0,1440.0,1200.0,0.01831563888873418,28.720586468965557,37.24958685383778,1.1166101732642597e-08,True
SS_amp0_producer_s20260913,20260913,0.0,1560.0,1320.0,0.012277339903068436,28.720586468965557,37.24958685383778,7.484861827463613e-09,True
SS_amp0_producer_s20260913,20260913,0.0,1680.0,1440.0,0.00822974704902003,28.720586468965564,37.24958685383778,5.017252924755811e-09,True
SS_amp0_producer_s20260917,20260917,0.0,360.0,120.0,0.6703200460356393,28.732108404702174,37.250744420361634,3.5822252236094316e-07,True
SS_amp0_producer_s20260917,20260917,0.0,480.0,240.0,0.44932896411722156,28.732108404702178,37.250744420361634,2.4012373767999023e-07,True
SS_amp0_producer_s20260917,20260917,0.0,600.0,360.0,0.30119421191220214,28.732108404702174,37.250744420361634,1.6095975489590083e-07,True
SS_amp0_producer_s20260917,20260917,0.0,720.0,480.0,0.20189651799465538,28.732108404702178,37.250744420361634,1.0789455031170549e-07,True
SS_amp0_producer_s20260917,20260917,0.0,840.0,600.0,0.1353352832366127,28.732108404702178,37.250744420361634,7.232387993193698e-08,True
SS_amp0_producer_s20260917,20260917,0.0,960.0,720.0,0.09071795328941251,28.732108404702178,37.250744420361634,4.848014652545205e-08,True
SS_amp0_producer_s20260917,20260917,0.0,1080.0,840.0,0.06081006262521797,28.732108404702178,37.250744420361634,3.249721405075556e-08,True
SS_amp0_producer_s20260917,20260917,0.0,1200.0,960.0,0.04076220397836621,28.732108404702174,37.250744420361634,2.1783534018532497e-08,True
SS_amp0_producer_s20260917,20260917,0.0,1320.0,1080.0,0.02732372244729256,28.732108404702178,37.250744420361634,1.4601939526121616e-08,True
SS_amp0_producer_s20260917,20260917,0.0,1440.0,1200.0,0.01831563888873418,28.732108404702178,37.250744420361634,9.787972775359468e-09,True
SS_amp0_producer_s20260917,20260917,0.0,1560.0,1320.0,0.012277339903068436,28.732108404702178,37.250744420361634,6.56107436137454e-09,True
SS_amp0_producer_s20260917,20260917,0.0,1680.0,1440.0,0.00822974704902003,28.732108404702178,37.250744420361634,4.398019667959835e-09,True
SS_amp15_producer_s20260911,20260911,15.0,360.0,120.0,0.6703200460356393,27.25681141991978,36.95096144614837,3.5466353812232978e-06,True
SS_amp15_producer_s20260911,20260911,15.0,480.0,240.0,0.44932896411722156,27.25681141991978,36.95096144614837,2.3773807920132286e-06,True
SS_amp15_producer_s20260911,20260911,15.0,600.0,360.0,0.30119421191220214,27.256811419919785,36.950961446148376,1.5936060019465516e-06,True
SS_amp15_producer_s20260911,20260911,15.0,720.0,480.0,0.20189651799465538,27.256811419919785,36.950961446148376,1.0682260485874837e-06,True
SS_amp15_producer_s20260911,20260911,15.0,840.0,600.0,0.1353352832366127,27.256811419919785,36.95096144614837,7.160533340656311e-07,True
SS_amp15_producer_s20260911,20260911,15.0,960.0,720.0,0.09071795328941251,27.256811419919778,36.95096144614837,4.799849038548468e-07,True
SS_amp15_producer_s20260911,20260911,15.0,1080.0,840.0,0.06081006262521797,27.256811419919785,36.95096144614837,3.217435028483928e-07,True
SS_amp15_producer_s20260911,20260911,15.0,1200.0,960.0,0.04076220397836621,27.25681141991979,36.950961446148376,2.1567111964100254e-07,True
SS_amp15_producer_s20260911,20260911,15.0,1320.0,1080.0,0.02732372244729256,27.256811419919785,36.950961446148376,1.4456867484631467e-07,True
SS_amp15_producer_s20260911,20260911,15.0,1440.0,1200.0,0.01831563888873418,27.25681141991978,36.95096144614837,9.690728077829304e-08,True
SS_amp15_producer_s20260911,20260911,15.0,1560.0,1320.0,0.012277339903068436,27.256811419919785,36.95096144614837,6.495889291249401e-08,True
SS_amp15_producer_s20260911,20260911,15.0,1680.0,1440.0,0.00822974704902003,27.256811419919785,36.950961446148376,4.354324808752717e-08,True
SS_amp15_producer_s20260913,20260913,15.0,360.0,120.0,0.6703200460356393,27.224243943531434,36.94627432965914,4.281041331755618e-06,True
SS_amp15_producer_s20260913,20260913,15.0,480.0,240.0,0.44932896411722156,27.22424394353143,36.94627432965914,2.8696678225829007e-06,True
SS_amp15_producer_s20260913,20260913,15.0,600.0,360.0,0.30119421191220214,27.22424394353143,36.94627432965913,1.9235958669407628e-06,True
SS_amp15_producer_s20260913,20260913,15.0,720.0,480.0,0.20189651799465538,27.224243943531434,36.94627432965914,1.289424870081698e-06,True
SS_amp15_producer_s20260913,20260913,15.0,840.0,600.0,0.1353352832366127,27.224243943531437,36.94627432965914,8.643273382726618e-07,True
SS_amp15_producer_s20260913,20260913,15.0,960.0,720.0,0.09071795328941251,27.224243943531437,36.94627432965914,5.793759411807922e-07,True
SS_amp15_producer_s20260913,20260913,15.0,1080.0,840.0,0.06081006262521797,27.224243943531434,36.94627432965914,3.8836730756425047e-07,True
SS_amp15_producer_s20260913,20260913,15.0,1200.0,960.0,0.04076220397836621,27.224243943531434,36.94627432965914,2.6033039148520577e-07,True
SS_amp15_producer_s20260913,20260913,15.0,1320.0,1080.0,0.02732372244729256,27.224243943531434,36.94627432965914,1.745046800048391e-07,True
SS_amp15_producer_s20260913,20260913,15.0,1440.0,1200.0,0.01831563888873418,27.224243943531434,36.94627432965914,1.1697398513427828e-07,True
SS_amp15_producer_s20260913,20260913,15.0,1560.0,1320.0,0.012277339903068436,27.22424394353143,36.94627432965914,7.841000710018156e-08,True
SS_amp15_producer_s20260913,20260913,15.0,1680.0,1440.0,0.00822974704902003,27.224243943531434,36.94627432965914,5.255979956904854e-08,True
SS_amp15_producer_s20260917,20260917,15.0,360.0,120.0,0.6703200460356393,27.24409218853811,36.948714997369315,3.7155537155316152e-06,True
SS_amp15_producer_s20260917,20260917,15.0,480.0,240.0,0.44932896411722156,27.24409218853811,36.948714997369315,2.490610137643043e-06,True
SS_amp15_producer_s20260917,20260917,15.0,600.0,360.0,0.30119421191220214,27.244092188538115,36.948714997369315,1.6695059021217143e-06,True
SS_amp15_producer_s20260917,20260917,15.0,720.0,480.0,0.20189651799465538,27.24409218853811,36.948714997369315,1.1191032731669995e-06,True
SS_amp15_producer_s20260917,20260917,15.0,840.0,600.0,0.1353352832366127,27.24409218853811,36.948714997369315,7.501573575879375e-07,True
SS_amp15_producer_s20260917,20260917,15.0,960.0,720.0,0.09071795328941251,27.24409218853811,36.948714997369315,5.028455144723197e-07,True
SS_amp15_producer_s20260917,20260917,15.0,1080.0,840.0,0.06081006262521797,27.244092188538115,36.948714997369315,3.370674284099001e-07,True
SS_amp15_producer_s20260917,20260917,15.0,1200.0,960.0,0.04076220397836621,27.244092188538115,36.94871499736932,2.259430541288388e-07,True
SS_amp15_producer_s20260917,20260917,15.0,1320.0,1080.0,0.02732372244729256,27.244092188538115,36.948714997369315,1.5145415844507615e-07,True
SS_amp15_producer_s20260917,20260917,15.0,1440.0,1200.0,0.01831563888873418,27.24409218853811,36.94871499736931,1.0152275846119251e-07,True
SS_amp15_producer_s20260917,20260917,15.0,1560.0,1320.0,0.012277339903068436,27.24409218853811,36.948714997369315,6.805274012537161e-08,True
SS_amp15_producer_s20260917,20260917,15.0,1680.0,1440.0,0.00822974704902003,27.244092188538115,36.948714997369315,4.5617115893690524e-08,True
SS_amp20_producer_s20260911,20260911,20.0,360.0,120.0,0.6703200460356393,26.989255022817044,36.88786718600835,4.5780001579520156e-06,True
SS_amp20_producer_s20260911,20260911,20.0,480.0,240.0,0.44932896411722156,26.989255022817044,36.88786718600835,3.068725276629559e-06,True
SS_amp20_producer_s20260911,20260911,20.0,600.0,360.0,0.30119421191220214,26.989255022817048,36.88786718600835,2.057028068701056e-06,True
SS_amp20_producer_s20260911,20260911,20.0,720.0,480.0,0.20189651799465538,26.989255022817044,36.88786718600835,1.3788671497082942e-06,True
SS_amp20_producer_s20260911,20260911,20.0,840.0,600.0,0.1353352832366127,26.989255022817048,36.88786718600835,9.242822912694942e-07,True
SS_amp20_producer_s20260911,20260911,20.0,960.0,720.0,0.09071795328941251,26.989255022817044,36.88786718600835,6.195649480336935e-07,True
SS_amp20_producer_s20260911,20260911,20.0,1080.0,840.0,0.06081006262521797,26.989255022817048,36.88786718600835,4.15306804488014e-07,True
SS_amp20_producer_s20260911,20260911,20.0,1200.0,960.0,0.04076220397836621,26.98925502281705,36.88786718600836,2.783884763033198e-07,True
SS_amp20_producer_s20260911,20260911,20.0,1320.0,1080.0,0.02732372244729256,26.989255022817048,36.88786718600835,1.8660937625143282e-07,True
SS_amp20_producer_s20260911,20260911,20.0,1440.0,1200.0,0.01831563888873418,26.98925502281704,36.88786718600834,1.250880056795424e-07,True
SS_amp20_producer_s20260911,20260911,20.0,1560.0,1320.0,0.012277339903068436,26.989255022817044,36.88786718600835,8.384899772561714e-08,True
SS_amp20_producer_s20260911,20260911,20.0,1680.0,1440.0,0.00822974704902003,26.989255022817048,36.88786718600835,5.620566401547793e-08,True
SS_amp20_producer_s20260913,20260913,20.0,360.0,120.0,0.6703200460356393,26.951802398753422,36.88264876392756,5.535322843129108e-06,True
SS_amp20_producer_s20260913,20260913,20.0,480.0,240.0,0.44932896411722156,26.95180239875342,36.88264876392756,3.71043786302843e-06,True
SS_amp20_producer_s20260913,20260913,20.0,600.0,360.0,0.30119421191220214,26.95180239875342,36.882648763927556,2.4871808791575967e-06,True
SS_amp20_producer_s20260913,20260913,20.0,720.0,480.0,0.20189651799465538,26.95180239875342,36.88264876392756,1.6672072014158818e-06,True
SS_amp20_producer_s20260913,20260913,20.0,840.0,600.0,0.1353352832366127,26.95180239875342,36.88264876392756,1.1175624080040434e-06,True
SS_amp20_producer_s20260913,20260913,20.0,960.0,720.0,0.09071795328941251,26.951802398753415,36.88264876392756,7.491244847809701e-07,True
SS_amp20_producer_s20260913,20260913,20.0,1080.0,840.0,0.06081006262521797,26.95180239875342,36.88264876392756,5.021531591248044e-07,True
SS_amp20_producer_s20260913,20260913,20.0,1200.0,960.0,0.04076220397836621,26.95180239875342,36.88264876392756,3.3660332874148077e-07,True
SS_amp20_producer_s20260913,20260913,20.0,1320.0,1080.0,0.02732372244729256,26.95180239875342,36.88264876392756,2.256319588177387e-07,True
SS_amp20_producer_s20260913,20260913,20.0,1440.0,1200.0,0.01831563888873418,26.95180239875342,36.88264876392756,1.5124562502181816e-07,True
SS_amp20_producer_s20260913,20260913,20.0,1560.0,1320.0,0.012277339903068436,26.95180239875342,36.88264876392756,1.0138297432731414e-07,True
SS_amp20_producer_s20260913,20260913,20.0,1680.0,1440.0,0.00822974704902003,26.95180239875342,36.88264876392756,6.79590400183153e-08,True
SS_amp20_producer_s20260917,20260917,20.0,360.0,120.0,0.6703200460356393,26.97471626736337,36.88542107346175,4.798186923209567e-06,True
SS_amp20_producer_s20260917,20260917,20.0,480.0,240.0,0.44932896411722156,26.974716267363366,36.88542107346174,3.21632087925344e-06,True
SS_amp20_producer_s20260917,20260917,20.0,600.0,360.0,0.30119421191220214,26.97471626736337,36.88542107346175,2.1559643598465537e-06,True
SS_amp20_producer_s20260917,20260917,20.0,720.0,480.0,0.20189651799465538,26.97471626736337,36.88542107346174,1.4451861289435397e-06,True
SS_amp20_producer_s20260917,20260917,20.0,840.0,600.0,0.1353352832366127,26.97471626736337,36.88542107346174,9.687372324835005e-07,True
SS_amp20_producer_s20260917,20260917,20.0,960.0,720.0,0.09071795328941251,26.974716267363366,36.88542107346174,6.49363986274778e-07,True
SS_amp20_producer_s20260917,20260917,20.0,1080.0,840.0,0.06081006262521797,26.974716267363373,36.88542107346175,4.3528169717359546e-07,True
SS_amp20_producer_s20260917,20260917,20.0,1200.0,960.0,0.04076220397836621,26.97471626736337,36.88542107346175,2.917780472878757e-07,True
SS_amp20_producer_s20260917,20260917,20.0,1320.0,1080.0,0.02732372244729256,26.974716267363366,36.88542107346175,1.955846740901978e-07,True
SS_amp20_producer_s20260917,20260917,20.0,1440.0,1200.0,0.01831563888873418,26.97471626736337,36.88542107346175,1.3110432774000692e-07,True
SS_amp20_producer_s20260917,20260917,20.0,1560.0,1320.0,0.012277339903068436,26.97471626736337,36.88542107346174,8.788185900615296e-08,True
SS_amp20_producer_s20260917,20260917,20.0,1680.0,1440.0,0.00822974704902003,26.974716267363373,36.88542107346175,5.8908971774702053e-08,True
SS_amp30_producer_s20260911,20260911,30.0,360.0,120.0,0.6703200460356393,26.518366672592908,36.77922545394072,6.611635064655401e-06,True
SS_amp30_producer_s20260911,20260911,30.0,480.0,240.0,0.44932896411722156,26.518366672592908,36.77922545394072,4.4319115209106554e-06,True
SS_amp30_producer_s20260911,20260911,30.0,600.0,360.0,0.30119421191220214,26.51836667259291,36.77922545394072,2.9707991347227114e-06,True
SS_amp30_producer_s20260911,20260911,30.0,720.0,480.0,0.20189651799465538,26.51836667259291,36.77922545394072,1.9913862127499656e-06,True
SS_amp30_producer_s20260911,20260911,30.0,840.0,600.0,0.1353352832366127,26.518366672592908,36.77922545394072,1.334866097805294e-06,True
SS_amp30_producer_s20260911,20260911,30.0,960.0,720.0,0.09071795328941251,26.51836667259291,36.779225453940725,8.947875041322587e-07,True
SS_amp30_producer_s20260911,20260911,30.0,1080.0,840.0,0.06081006262521797,26.518366672592908,36.77922545394072,5.997940009620505e-07,True
SS_amp30_producer_s20260911,20260911,30.0,1200.0,960.0,0.04076220397836621,26.518366672592908,36.77922545394072,4.0205394233678203e-07,True
SS_amp30_producer_s20260911,20260911,30.0,1320.0,1080.0,0.02732372244729256,26.51836667259291,36.779225453940725,2.6950481713600197e-07,True
SS_amp30_producer_s20260911,20260911,30.0,1440.0,1200.0,0.01831563888873418,26.51836667259291,36.779225453940725,1.8065448142943146e-07,True
SS_amp30_producer_s20260911,20260911,30.0,1560.0,1320.0,0.012277339903068436,26.518366672592908,36.77922545394072,1.2109632030832098e-07,True
SS_amp30_producer_s20260911,20260911,30.0,1680.0,1440.0,0.00822974704902003,26.518366672592908,36.77922545394072,8.11732910038203e-08,True
SS_amp30_producer_s20260913,20260913,30.0,360.0,120.0,0.6703200460356393,26.476941778342635,36.77304419004431,8.014716822056834e-06,True
SS_amp30_producer_s20260913,20260913,30.0,480.0,240.0,0.44932896411722156,26.476941778342635,36.77304419004431,5.372425349123749e-06,True
SS_amp30_producer_s20260913,20260913,30.0,600.0,360.0,0.30119421191220214,26.47694177834263,36.7730441900443,3.6012444073476682e-06,True
SS_amp30_producer_s20260913,20260913,30.0,720.0,480.0,0.20189651799465538,26.476941778342635,36.77304419004431,2.413986316918877e-06,True
SS_amp30_producer_s20260913,20260913,30.0,840.0,600.0,0.1353352832366127,26.476941778342635,36.77304419004431,1.6181434190864646e-06,True
SS_amp30_producer_s20260913,20260913,30.0,960.0,720.0,0.09071795328941251,26.47694177834264,36.77304419004431,1.084673971174306e-06,True
SS_amp30_producer_s20260913,20260913,30.0,1080.0,840.0,0.06081006262521797,26.476941778342628,36.7730441900443,7.270787062912206e-07,True
SS_amp30_producer_s20260913,20260913,30.0,1200.0,960.0,0.04076220397836621,26.476941778342635,36.77304419004431,4.873754318726641e-07,True
SS_amp30_producer_s20260913,20260913,30.0,1320.0,1080.0,0.02732372244729256,26.476941778342635,36.77304419004432,3.266975219295237e-07,True
SS_amp30_producer_s20260913,20260913,30.0,1440.0,1200.0,0.01831563888873418,26.47694177834264,36.77304419004431,2.1899189793952768e-07,True
SS_amp30_producer_s20260913,20260913,30.0,1560.0,1320.0,0.012277339903068436,26.47694177834263,36.77304419004431,1.4679465910825618e-07,True
SS_amp30_producer_s20260913,20260913,30.0,1680.0,1440.0,0.00822974704902003,26.47694177834263,36.77304419004431,9.839940265123229e-08,True
SS_amp30_producer_s20260917,20260917,30.0,360.0,120.0,0.6703200460356393,26.50224396767106,36.77643037123142,6.934336449906738e-06,True
SS_amp30_producer_s20260917,20260917,30.0,480.0,240.0,0.44932896411722156,26.50224396767106,36.77643037123142,4.648224728328097e-06,True
SS_amp30_producer_s20260917,20260917,30.0,600.0,360.0,0.30119421191220214,26.50224396767106,36.77643037123142,3.1157982138768867e-06,True
SS_amp30_producer_s20260917,20260917,30.0,720.0,480.0,0.20189651799465538,26.50224396767106,36.77643037123142,2.0885820021637174e-06,True
SS_amp30_producer_s20260917,20260917,30.0,840.0,600.0,0.1353352832366127,26.50224396767106,36.77643037123142,1.400018383839591e-06,True
SS_amp30_producer_s20260917,20260917,30.0,960.0,720.0,0.09071795328941251,26.502243967671056,36.77643037123142,9.384603875060956e-07,True
SS_amp30_producer_s20260917,20260917,30.0,1080.0,840.0,0.06081006262521797,26.50224396767106,36.77643037123142,6.2906881015571e-07,True
SS_amp30_producer_s20260917,20260917,30.0,1200.0,960.0,0.04076220397836621,26.502243967671063,36.77643037123143,4.216774337831605e-07,True
SS_amp30_producer_s20260917,20260917,30.0,1320.0,1080.0,0.02732372244729256,26.502243967671063,36.77643037123143,2.8265883682571835e-07,True
SS_amp30_producer_s20260917,20260917,30.0,1440.0,1200.0,0.01831563888873418,26.50224396767106,36.77643037123142,1.894718845133958e-07,True
SS_amp30_producer_s20260917,20260917,30.0,1560.0,1320.0,0.012277339903068436,26.50224396767106,36.77643037123142,1.2700680234947877e-07,True
SS_amp30_producer_s20260917,20260917,30.0,1680.0,1440.0,0.00822974704902003,26.502243967671063,36.77643037123143,8.5135205597742e-08,True
SS_amp60_producer_s20260911,20260911,60.0,360.0,120.0,0.6703200460356393,25.488214749303765,36.51935134538214,1.255373909054626e-05,True
SS_amp60_producer_s20260911,20260911,60.0,480.0,240.0,0.44932896411722156,25.488214749303765,36.51935134538214,8.415022965094375e-06,True
SS_amp60_producer_s20260911,20260911,60.0,600.0,360.0,0.30119421191220214,25.48821474930376,36.519351345382134,5.640758581353022e-06,True
SS_amp60_producer_s20260911,20260911,60.0,720.0,480.0,0.20189651799465538,25.48821474930376,36.51935134538214,3.781113551928486e-06,True
SS_amp60_producer_s20260911,20260911,60.0,840.0,600.0,0.1353352832366127,25.488214749303765,36.51935134538214,2.5345562101946817e-06,True
SS_amp60_producer_s20260911,20260911,60.0,960.0,720.0,0.09071795328941251,25.488214749303765,36.51935134538214,1.698963835497614e-06,True
SS_amp60_producer_s20260911,20260911,60.0,1080.0,840.0,0.06081006262521797,25.488214749303765,36.51935134538214,1.1388495164236474e-06,True
SS_amp60_producer_s20260911,20260911,60.0,1200.0,960.0,0.04076220397836621,25.488214749303758,36.519351345382134,7.633936602767649e-07,True
SS_amp60_producer_s20260911,20260911,60.0,1320.0,1080.0,0.02732372244729256,25.488214749303765,36.51935134538214,5.117180735000362e-07,True
SS_amp60_producer_s20260911,20260911,60.0,1440.0,1200.0,0.01831563888873418,25.48821474930376,36.51935134538214,3.4301488258581294e-07,True
SS_amp60_producer_s20260911,20260911,60.0,1560.0,1320.0,0.012277339903068436,25.48821474930376,36.519351345382134,2.299297518858315e-07,True
SS_amp60_producer_s20260911,20260911,60.0,1680.0,1440.0,0.00822974704902003,25.48821474930376,36.519351345382134,1.5412652186907377e-07,True
SS_amp60_producer_s20260913,20260913,60.0,360.0,120.0,0.6703200460356393,25.437521467837072,36.510637744714174,1.529351428143128e-05,True
SS_amp60_producer_s20260913,20260913,60.0,480.0,240.0,0.44932896411722156,25.437521467837076,36.510637744714174,1.0251549197175722e-05,True
SS_amp60_producer_s20260913,20260913,60.0,600.0,360.0,0.30119421191220214,25.437521467837072,36.51063774471417,6.871818929787451e-06,True
SS_amp60_producer_s20260913,20260913,60.0,720.0,480.0,0.20189651799465538,25.437521467837076,36.510637744714174,4.606317981363701e-06,True
SS_amp60_producer_s20260913,20260913,60.0,840.0,600.0,0.1353352832366127,25.437521467837076,36.510637744714174,3.0877072813225092e-06,True
SS_amp60_producer_s20260913,20260913,60.0,960.0,720.0,0.09071795328941251,25.437521467837072,36.510637744714174,2.069752086960683e-06,True
SS_amp60_producer_s20260913,20260913,60.0,1080.0,840.0,0.06081006262521797,25.437521467837072,36.510637744714174,1.3873963142138456e-06,True
SS_amp60_producer_s20260913,20260913,60.0,1200.0,960.0,0.04076220397836621,25.437521467837076,36.510637744714174,9.299995612135014e-07,True
SS_amp60_producer_s20260913,20260913,60.0,1320.0,1080.0,0.02732372244729256,25.437521467837072,36.510637744714174,6.233973486857585e-07,True
SS_amp60_producer_s20260913,20260913,60.0,1440.0,1200.0,0.01831563888873418,25.437521467837076,36.510637744714174,4.1787573946953316e-07,True
SS_amp60_producer_s20260913,20260913,60.0,1560.0,1320.0,0.012277339903068436,25.437521467837076,36.510637744714174,2.801104849183942e-07,True
SS_amp60_producer_s20260913,20260913,60.0,1680.0,1440.0,0.00822974704902003,25.437521467837076,36.510637744714174,1.877636731455634e-07,True
SS_amp60_producer_s20260917,20260917,60.0,360.0,120.0,0.6703200460356393,25.468342560465473,36.51568415585381,1.3183811738734519e-05,True
SS_amp60_producer_s20260917,20260917,60.0,480.0,240.0,0.44932896411722156,25.468342560465466,36.515684155853805,8.837373291633724e-06,True
SS_amp60_producer_s20260917,20260917,60.0,600.0,360.0,0.30119421191220214,25.46834256046547,36.515684155853805,5.923868471682047e-06,True
SS_amp60_producer_s20260917,20260917,60.0,720.0,480.0,0.20189651799465538,25.46834256046547,36.51568415585381,3.970887786646982e-06,True
SS_amp60_producer_s20260917,20260917,60.0,840.0,600.0,0.1353352832366127,25.46834256046547,36.515684155853805,2.661765683947563e-06,True
SS_amp60_producer_s20260917,20260917,60.0,960.0,720.0,0.09071795328941251,25.468342560465466,36.515684155853805,1.7842348957998147e-06,True
SS_amp60_producer_s20260917,20260917,60.0,1080.0,840.0,0.06081006262521797,25.46834256046547,36.515684155853805,1.1960084174909263e-06,True
SS_amp60_producer_s20260917,20260917,60.0,1200.0,960.0,0.04076220397836621,25.468342560465466,36.515684155853805,8.0170841747153e-07,True
SS_amp60_producer_s20260917,20260917,60.0,1320.0,1080.0,0.02732372244729256,25.468342560465466,36.515684155853805,5.374012233066754e-07,True
SS_amp60_producer_s20260917,20260917,60.0,1440.0,1200.0,0.01831563888873418,25.468342560465462,36.515684155853805,3.6023081274653966e-07,True
SS_amp60_producer_s20260917,20260917,60.0,1560.0,1320.0,0.012277339903068436,25.468342560465466,36.515684155853805,2.414699349837161e-07,True
SS_amp60_producer_s20260917,20260917,60.0,1680.0,1440.0,0.00822974704902003,25.468342560465466,36.515684155853805,1.618621379345075e-07,True
