analysis_error,arm,axis_control,axis_nominal_target_per_generation,axis_selected_amplitude,axis_selected_b12,axis_selected_kd,axis_sos_lysis_prob,chemistry_placement,divisions,execution_source_sha_expected,execution_source_sha_match,execution_source_sha_observed,kills_per_division,kills_per_lysis,mean_btuB_expression_final,mean_mu_type1,mean_mu_type2,model_baseline_sha,mortality_colicin,mortality_lysis,n_type1,n_type2,outflow_boundary,output_path,output_status,producer_divisions,realized_lysis_per_division,realized_lysis_per_producer_division,realized_lysis_per_total_division,run_id,samples,seed,sensitivity_1h_slope_log10_ratio_per_h,sensitivity_1h_tail_median_log10_ratio,slope_log10_ratio_per_h,stage,t_end_s,tail_median_log10_ratio,termination_cause
,producer,,0,15.0,,,0,device_delivery,20403,29fd563ce73b28059cb439694e92466f451ddb4a,True,29fd563ce73b28059cb439694e92466f451ddb4a,0.0,,,0.0002855374000588446,0.00027941364032430904,ad037ef96f3433a1ad4008994956f89c68a3ed39,0,0,8009,12436,78,/home/ubuntu/retard-analysis/generated/stage_D_refine/jobs/0/output.h5.gz,terminated,7984,0.0,0.0,0.0,D_target0.0000_producer_s20261009,13,20261009,-0.0974210926493893,-0.0073757502762545005,-0.0007064259395972296,D,17400.0,-0.008046978159248703,dysbiosis_guard
,producer,,0,15.0,,,0,device_delivery,19279,29fd563ce73b28059cb439694e92466f451ddb4a,True,29fd563ce73b28059cb439694e92466f451ddb4a,0.0,,,0.00028831436696305995,0.0002956401768359084,ad037ef96f3433a1ad4008994956f89c68a3ed39,0,0,7788,11536,75,/home/ubuntu/retard-analysis/generated/stage_D_refine/jobs/1/output.h5.gz,terminated,7764,0.0,0.0,0.0,D_target0.0000_producer_s20261011,13,20261011,-0.08909481921037937,0.0016177011511785365,-0.0043922544672087786,D,17400.0,0.0011531989832210309,dysbiosis_guard
,producer,,0,15.0,,,0,device_delivery,18886,29fd563ce73b28059cb439694e92466f451ddb4a,True,29fd563ce73b28059cb439694e92466f451ddb4a,0.0,,,0.00029745277536918127,0.000303143253373631,ad037ef96f3433a1ad4008994956f89c68a3ed39,0,0,8340,10579,87,/home/ubuntu/retard-analysis/generated/stage_D_refine/jobs/2/output.h5.gz,terminated,8286,0.0,0.0,0.0,D_target0.0000_producer_s20261013,13,20261013,-0.04716443011726987,0.006036710764355195,0.005301904400356423,D,17400.0,0.005003710025378939,dysbiosis_guard
,producer,,0.0025,15.0,,,0.0012507822280910519,device_delivery,26267,29fd563ce73b28059cb439694e92466f451ddb4a,True,29fd563ce73b28059cb439694e92466f451ddb4a,0.08010050633875204,51.31707317073171,,0.00028263878259461464,0.00030964147365664503,ad037ef96f3433a1ad4008994956f89c68a3ed39,2104,41,14255,9891,96,/home/ubuntu/retard-analysis/generated/stage_D_refine/jobs/3/output.h5.gz,terminated,14295,0.0028681357117873382,0.0028681357117873382,0.0015608938972855675,D_target0.0025_producer_s20261009,13,20261009,0.07307309559174759,0.06422301317254392,0.10419205817277835,D,18000.0,0.022578311167540624,dysbiosis_guard
,producer,,0.0025,15.0,,,0.0012507822280910519,device_delivery,17730,29fd563ce73b28059cb439694e92466f451ddb4a,True,29fd563ce73b28059cb439694e92466f451ddb4a,0.05527354765933446,54.44444444444444,,0.0002911009959143768,0.0002983714141951733,ad037ef96f3433a1ad4008994956f89c68a3ed39,980,18,7756,9025,71,/home/ubuntu/retard-analysis/generated/stage_D_refine/jobs/4/output.h5.gz,terminated,7753,0.002321681929575648,0.002321681929575648,0.0010152284263959391,D_target0.0025_producer_s20261011,13,20261011,-0.03979055254525165,0.06447189614412936,0.05484254670138726,D,17400.0,0.036563381242591675,dysbiosis_guard
,producer,,0.0025,15.0,,,0.0012507822280910519,device_delivery,27117,29fd563ce73b28059cb439694e92466f451ddb4a,True,29fd563ce73b28059cb439694e92466f451ddb4a,0.07323819006527271,62.0625,,0.00029130736483647205,0.0003013905896554923,ad037ef96f3433a1ad4008994956f89c68a3ed39,1986,32,14704,10403,112,/home/ubuntu/retard-analysis/generated/stage_D_refine/jobs/5/output.h5.gz,terminated,14691,0.0021782043427949083,0.0021782043427949083,0.001180071541837224,D_target0.0025_producer_s20261013,13,20261013,0.09063331229994707,0.06701313971582407,0.0858550702509353,D,18000.0,0.04219999817696825,dysbiosis_guard
,plasmid_free_null,plasmid_free_null,,15.0,0.001,0.0001,,device_delivery,17229,29fd563ce73b28059cb439694e92466f451ddb4a,True,29fd563ce73b28059cb439694e92466f451ddb4a,0.0,,,0.00030983500774734075,0.0003125507019914962,ad037ef96f3433a1ad4008994956f89c68a3ed39,0,0,7397,7523,85,/home/ubuntu/retard-analysis/generated/stage_D_refine/jobs/18/output.h5.gz,terminated,8198,0.0,0.0,0.0,D_plasmid_free_null_s20261009,13,20261009,-0.00023519454181904158,-0.007200661776425332,0.004619660676631544,D,16800.0,-0.006966509199299755,dysbiosis_guard
,plasmid_free_null,plasmid_free_null,,15.0,0.001,0.0001,,device_delivery,17002,29fd563ce73b28059cb439694e92466f451ddb4a,True,29fd563ce73b28059cb439694e92466f451ddb4a,0.0,,,0.00030734759373360896,0.00030947838806571316,ad037ef96f3433a1ad4008994956f89c68a3ed39,0,0,7513,7503,88,/home/ubuntu/retard-analysis/generated/stage_D_refine/jobs/19/output.h5.gz,terminated,8340,0.0,0.0,0.0,D_plasmid_free_null_s20261011,13,20261011,0.001125985489037755,-0.00023048666158779365,-0.001840818220519766,D,16800.0,-0.0011507544674095476,dysbiosis_guard
,plasmid_free_null,plasmid_free_null,,15.0,0.001,0.0001,,device_delivery,17358,29fd563ce73b28059cb439694e92466f451ddb4a,True,29fd563ce73b28059cb439694e92466f451ddb4a,0.0,,,0.000309589425034081,0.0003077021442629108,ad037ef96f3433a1ad4008994956f89c68a3ed39,0,0,7667,7555,69,/home/ubuntu/retard-analysis/generated/stage_D_refine/jobs/20/output.h5.gz,terminated,8645,0.0,0.0,0.0,D_plasmid_free_null_s20261013,13,20261013,0.001910439150355235,0.004893831322790626,-0.005620680613370437,D,16800.0,0.004664984271307443,dysbiosis_guard
,producer,,0.0025,0.0,,,0.0012507822280910519,device_delivery,19958,29fd563ce73b28059cb439694e92466f451ddb4a,True,29fd563ce73b28059cb439694e92466f451ddb4a,0.016484617697164045,14.954545454545455,,0.00028483886502582895,0.000278921099623573,ad037ef96f3433a1ad4008994956f89c68a3ed39,329,22,7937,11713,77,/home/ubuntu/retard-analysis/generated/stage_D_retardation/jobs/0/output.h5.gz,terminated,7942,0.002770083102493075,0.002770083102493075,0.001102314861208538,D_amp0_target0.0025_producer_s20261009,13,20261009,-0.08024747842423552,0.0023504020670231923,0.009098709515648779,D,17400.0,-0.001852992600515684,dysbiosis_guard
,producer,,0.0025,0.0,,,0.0012507822280910519,device_delivery,18941,29fd563ce73b28059cb439694e92466f451ddb4a,True,29fd563ce73b28059cb439694e92466f451ddb4a,0.014518768808405047,13.75,,0.0002888195808219975,0.00029605891258467805,ad037ef96f3433a1ad4008994956f89c68a3ed39,275,20,7746,10934,86,/home/ubuntu/retard-analysis/generated/stage_D_retardation/jobs/1/output.h5.gz,terminated,7745,0.0025823111684958036,0.0025823111684958036,0.0010559104587930944,D_amp0_target0.0025_producer_s20261011,13,20261011,-0.07578551311281667,0.011614726179849382,0.0069516179372299475,D,17400.0,0.004172597175412187,dysbiosis_guard
,producer,,0.0025,0.0,,,0.0012507822280910519,device_delivery,18547,29fd563ce73b28059cb439694e92466f451ddb4a,True,29fd563ce73b28059cb439694e92466f451ddb4a,0.013371434733380061,13.777777777777779,,0.0002974847309382134,0.0003044470824709564,ad037ef96f3433a1ad4008994956f89c68a3ed39,248,18,8287,10036,78,/home/ubuntu/retard-analysis/generated/stage_D_retardation/jobs/2/output.h5.gz,terminated,8250,0.002181818181818182,0.002181818181818182,0.0009705073596808109,D_amp0_target0.0025_producer_s20261013,13,20261013,-0.03584069152728201,0.0164582246308583,0.016886256222869392,D,17400.0,0.006635819286368756,dysbiosis_guard
,producer,,0.01,0.0,,,0.005012562893380035,device_delivery,27020,29fd563ce73b28059cb439694e92466f451ddb4a,True,29fd563ce73b28059cb439694e92466f451ddb4a,0.04733530717986677,11.419642857142858,,0.00028060836241424,0.0003068732986675802,ad037ef96f3433a1ad4008994956f89c68a3ed39,1279,112,13797,11860,92,/home/ubuntu/retard-analysis/generated/stage_D_retardation/jobs/3/output.h5.gz,terminated,13895,0.008060453400503778,0.008060453400503778,0.004145077720207254,D_amp0_target0.0100_producer_s20261009,13,20261009,0.006217437498368358,0.03001049446066222,0.061498695950357535,D,18000.0,0.0057730385190900724,dysbiosis_guard
,producer,,0.01,0.0,,,0.005012562893380035,device_delivery,18194,29fd563ce73b28059cb439694e92466f451ddb4a,True,29fd563ce73b28059cb439694e92466f451ddb4a,0.05012641530174783,12.16,,0.00029115272819605243,0.0002970385771657038,ad037ef96f3433a1ad4008994956f89c68a3ed39,912,75,7593,9682,52,/home/ubuntu/retard-analysis/generated/stage_D_retardation/jobs/4/output.h5.gz,terminated,7633,0.009825756583256911,0.009825756583256911,0.004122238100472683,D_amp0_target0.0100_producer_s20261011,13,20261011,-0.03687807850990028,0.02349091851639889,0.0332351641534854,D,17400.0,0.004001657684269867,dysbiosis_guard
,producer,,0.01,0.0,,,0.005012562893380035,device_delivery,27538,29fd563ce73b28059cb439694e92466f451ddb4a,True,29fd563ce73b28059cb439694e92466f451ddb4a,0.043213014743263854,10.72072072072072,,0.00028985416476813087,0.000299329313657358,ad037ef96f3433a1ad4008994956f89c68a3ed39,1190,111,14301,11941,115,/home/ubuntu/retard-analysis/generated/stage_D_retardation/jobs/5/output.h5.gz,terminated,14371,0.007723888386333588,0.007723888386333588,0.0040307938121867965,D_amp0_target0.0100_producer_s20261013,13,20261013,0.04653778589891476,0.04280189554030651,0.06346320634956927,D,18000.0,0.017858280383983904,dysbiosis_guard
,producer,,0.05,0.0,,,0.025320565519103666,device_delivery,24603,29fd563ce73b28059cb439694e92466f451ddb4a,True,29fd563ce73b28059cb439694e92466f451ddb4a,0.198674958338414,8.160267111853088,,0.00029847395982361463,0.0002966971830220058,ad037ef96f3433a1ad4008994956f89c68a3ed39,4888,599,12112,5381,103,/home/ubuntu/retard-analysis/generated/stage_D_retardation/jobs/6/output.h5.gz,terminated,13290,0.045071482317531976,0.045071482317531976,0.024346624395398937,D_amp0_target0.0500_producer_s20261009,13,20261009,0.2528659602220948,0.22580286417591827,0.18067976698616064,D,19200.0,0.10036376673309719,dysbiosis_guard
,producer,,0.05,0.0,,,0.025320565519103666,device_delivery,24078,29fd563ce73b28059cb439694e92466f451ddb4a,True,29fd563ce73b28059cb439694e92466f451ddb4a,0.21002574964698065,7.458702064896755,,0.0002974660521403434,0.00029617427600809644,ad037ef96f3433a1ad4008994956f89c68a3ed39,5057,678,12123,4593,99,/home/ubuntu/retard-analysis/generated/stage_D_retardation/jobs/7/output.h5.gz,terminated,13098,0.05176362803481448,0.05176362803481448,0.02815848492399701,D_amp0_target0.0500_producer_s20261011,13,20261011,0.30310745154388086,0.24754949176351274,0.19974328503634883,D,19200.0,0.10007696672391912,dysbiosis_guard
,producer,,0.05,0.0,,,0.025320565519103666,device_delivery,24919,29fd563ce73b28059cb439694e92466f451ddb4a,True,29fd563ce73b28059cb439694e92466f451ddb4a,0.1890124001765721,8.03754266211604,,0.00029942763539509977,0.00029533246607216094,ad037ef96f3433a1ad4008994956f89c68a3ed39,4710,586,12492,5124,62,/home/ubuntu/retard-analysis/generated/stage_D_retardation/jobs/8/output.h5.gz,terminated,13980,0.041917024320457796,0.041917024320457796,0.023516192463582004,D_amp0_target0.0500_producer_s20261013,13,20261013,0.254326079542146,0.25067496473294243,0.19144929640383584,D,19200.0,0.12319222688248233,dysbiosis_guard
,producer,,0.0025,60.0,,,0.0012507822280910519,device_delivery,26389,29fd563ce73b28059cb439694e92466f451ddb4a,True,29fd563ce73b28059cb439694e92466f451ddb4a,0.1015953617037402,103.11538461538461,,0.00028342107269511,0.00030896169632703066,ad037ef96f3433a1ad4008994956f89c68a3ed39,2681,26,14370,9328,104,/home/ubuntu/retard-analysis/generated/stage_D_retardation/jobs/9/output.h5.gz,terminated,14396,0.0018060572381217005,0.0018060572381217005,0.0009852590094357498,D_amp60_target0.0025_producer_s20261009,13,20261009,0.07429411919641042,0.07479092564289824,0.10822247709136014,D,18000.0,0.025971647718856586,dysbiosis_guard
,producer,,0.0025,60.0,,,0.0012507822280910519,device_delivery,24163,29fd563ce73b28059cb439694e92466f451ddb4a,True,29fd563ce73b28059cb439694e92466f451ddb4a,0.10756114720854199,74.25714285714285,,0.0002879626841756425,0.00030535001551495864,ad037ef96f3433a1ad4008994956f89c68a3ed39,2599,35,14321,7255,73,/home/ubuntu/retard-analysis/generated/stage_D_retardation/jobs/10/output.h5.gz,terminated,14343,0.002440214738897023,0.002440214738897023,0.0014484956338203037,D_amp60_target0.0025_producer_s20261011,13,20261011,0.09515110346238118,0.18137283059690124,0.16959606456990114,D,18000.0,0.08156401987776465,dysbiosis_guard
,producer,,0.0025,60.0,,,0.0012507822280910519,device_delivery,25683,29fd563ce73b28059cb439694e92466f451ddb4a,True,29fd563ce73b28059cb439694e92466f451ddb4a,0.11061791846746875,81.17142857142858,,0.000289914904079074,0.0003053578124873129,ad037ef96f3433a1ad4008994956f89c68a3ed39,2841,35,15014,7818,95,/home/ubuntu/retard-analysis/generated/stage_D_retardation/jobs/11/output.h5.gz,terminated,15004,0.002332711276992802,0.002332711276992802,0.001362769146906514,D_amp60_target0.0025_producer_s20261013,13,20261013,0.20226742892138613,0.12327053787256897,0.1370179509800723,D,18000.0,0.09110133753445042,dysbiosis_guard
,producer,,0.01,60.0,,,0.005012562893380035,device_delivery,35076,29fd563ce73b28059cb439694e92466f451ddb4a,True,29fd563ce73b28059cb439694e92466f451ddb4a,0.18496977990648877,28.208695652173912,,0.00028190398884248404,0.0003085173765745578,ad037ef96f3433a1ad4008994956f89c68a3ed39,6488,230,26160,2184,134,/home/ubuntu/retard-analysis/generated/stage_D_retardation/jobs/12/output.h5.gz,terminated,26464,0.00869105199516324,0.00869105199516324,0.006557190101493899,D_amp60_target0.0100_producer_s20261009,13,20261009,0.5999825079357352,0.7653804999946143,0.45049652521652117,D,20400.0,0.4534771582847048,dysbiosis_guard
,producer,,0.01,60.0,,,0.005012562893380035,device_delivery,34871,29fd563ce73b28059cb439694e92466f451ddb4a,True,29fd563ce73b28059cb439694e92466f451ddb4a,0.17111640044736315,22.43233082706767,,0.00028277839584393843,0.00030361883809099853,ad037ef96f3433a1ad4008994956f89c68a3ed39,5967,266,26493,2142,123,/home/ubuntu/retard-analysis/generated/stage_D_retardation/jobs/13/output.h5.gz,terminated,26825,0.009916123019571295,0.009916123019571295,0.007628115052622523,D_amp60_target0.0100_producer_s20261011,13,20261011,0.5596450566324004,0.7562504381055075,0.4477214319679922,D,20400.0,0.49752442490212045,dysbiosis_guard
,producer,,0.01,60.0,,,0.005012562893380035,device_delivery,36314,29fd563ce73b28059cb439694e92466f451ddb4a,True,29fd563ce73b28059cb439694e92466f451ddb4a,0.16219639808338382,23.65461847389558,,0.0002834681750513615,0.0003024959776927469,ad037ef96f3433a1ad4008994956f89c68a3ed39,5890,249,28087,2125,83,/home/ubuntu/retard-analysis/generated/stage_D_retardation/jobs/14/output.h5.gz,terminated,28354,0.008781829724201171,0.008781829724201171,0.006856859613372253,D_amp60_target0.0100_producer_s20261013,13,20261013,0.5130999782089709,0.7663081601189036,0.4430119650128842,D,20400.0,0.5320749296910187,dysbiosis_guard
,producer,,0.05,60.0,,,0.025320565519103666,device_delivery,27363,29fd563ce73b28059cb439694e92466f451ddb4a,True,29fd563ce73b28059cb439694e92466f451ddb4a,0.0892080546723678,2.2898686679174483,,0.00029008400161205556,0.00031824563403841307,ad037ef96f3433a1ad4008994956f89c68a3ed39,2441,1066,23669,190,117,/home/ubuntu/retard-analysis/generated/stage_D_retardation/jobs/15/output.h5.gz,terminated,24815,0.04295788837396736,0.04295788837396736,0.038957716624639115,D_amp60_target0.0500_producer_s20261009,13,20261009,0.8274817277571405,1.674566870044292,0.7528977308924596,D,20400.0,1.0988744811197155,dysbiosis_guard
,producer,,0.05,60.0,,,0.025320565519103666,device_delivery,26897,29fd563ce73b28059cb439694e92466f451ddb4a,True,29fd563ce73b28059cb439694e92466f451ddb4a,0.08413577722422574,2.0761467889908256,,0.0002906065462127743,0.0003125522151596105,ad037ef96f3433a1ad4008994956f89c68a3ed39,2263,1090,23355,184,125,/home/ubuntu/retard-analysis/generated/stage_D_retardation/jobs/16/output.h5.gz,terminated,24545,0.044408229782033,0.044408229782033,0.040524965609547534,D_amp60_target0.0500_producer_s20261011,13,20261011,0.8700609523598831,1.672274500939008,0.7225748401889438,D,20400.0,1.140248768664846,dysbiosis_guard
,producer,,0.05,60.0,,,0.025320565519103666,device_delivery,27373,29fd563ce73b28059cb439694e92466f451ddb4a,True,29fd563ce73b28059cb439694e92466f451ddb4a,0.08110181565776495,1.9439579684763573,,0.00029571301045212134,0.0003148175597852585,ad037ef96f3433a1ad4008994956f89c68a3ed39,2220,1142,23940,176,15,/home/ubuntu/retard-analysis/generated/stage_D_retardation/jobs/17/output.h5.gz,terminated,25067,0.04555790481509554,0.04555790481509554,0.041719943009534945,D_amp60_target0.0500_producer_s20261013,13,20261013,0.8239930375958918,1.704740079449728,0.7444038194754237,D,20400.0,1.1618697867875074,dysbiosis_guard
,producer,,0.01,15.0,,,0.005012562893380035,device_delivery,22692,29fd563ce73b28059cb439694e92466f451ddb4a,True,29fd563ce73b28059cb439694e92466f451ddb4a,0.13903578353604795,26.965811965811966,,0.00029572325912613777,0.0003148793667213503,ad037ef96f3433a1ad4008994956f89c68a3ed39,3155,117,14139,5309,92,/home/ubuntu/retard-analysis/generated/stage_D_retardation_mid/jobs/0/output.h5.gz,terminated,14260,0.008204768583450211,0.008204768583450211,0.005156002115282919,D_amp15_target0.0100_producer_s20261009,13,20261009,0.19907390718799722,0.20897144963894637,0.20569858008255784,D,18000.0,0.16102798981640934,dysbiosis_guard
,producer,,0.01,15.0,,,0.005012562893380035,device_delivery,23713,29fd563ce73b28059cb439694e92466f451ddb4a,True,29fd563ce73b28059cb439694e92466f451ddb4a,0.14802007337747228,32.20183486238532,,0.0002869213226669148,0.0003047597756883369,ad037ef96f3433a1ad4008994956f89c68a3ed39,3510,109,14200,5943,71,/home/ubuntu/retard-analysis/generated/stage_D_retardation_mid/jobs/1/output.h5.gz,terminated,14307,0.0076186482141609,0.0076186482141609,0.004596634757306119,D_amp15_target0.0100_producer_s20261011,13,20261011,0.23698828097247818,0.15024270593290504,0.20496614229802532,D,18000.0,0.11091904989009824,dysbiosis_guard
,producer,,0.01,15.0,,,0.005012562893380035,device_delivery,23220,29fd563ce73b28059cb439694e92466f451ddb4a,True,29fd563ce73b28059cb439694e92466f451ddb4a,0.14883720930232558,24.685714285714287,,0.0002965880143288122,0.00031015155808435547,ad037ef96f3433a1ad4008994956f89c68a3ed39,3456,140,14781,4896,67,/home/ubuntu/retard-analysis/generated/stage_D_retardation_mid/jobs/2/output.h5.gz,terminated,14884,0.009406073636119323,0.009406073636119323,0.006029285099052541,D_amp15_target0.0100_producer_s20261013,13,20261013,0.28739302756047275,0.28327437979736175,0.24250617735504448,D,18000.0,0.16699319953933092,dysbiosis_guard
,producer,,0.05,15.0,,,0.025320565519103666,device_delivery,28648,29fd563ce73b28059cb439694e92466f451ddb4a,True,29fd563ce73b28059cb439694e92466f451ddb4a,0.1283161128176487,3.341818181818182,,0.00028781096608672787,0.00031543260914381523,ad037ef96f3433a1ad4008994956f89c68a3ed39,3676,1100,23378,504,110,/home/ubuntu/retard-analysis/generated/stage_D_retardation_mid/jobs/3/output.h5.gz,terminated,24537,0.04483025634755675,0.04483025634755675,0.03839709578330076,D_amp15_target0.0500_producer_s20261009,13,20261009,0.7529668311263916,1.2669081079030209,0.6251425680308492,D,20400.0,0.8148008812363624,dysbiosis_guard
,producer,,0.05,15.0,,,0.025320565519103666,device_delivery,28703,29fd563ce73b28059cb439694e92466f451ddb4a,True,29fd563ce73b28059cb439694e92466f451ddb4a,0.133958122844302,3.426916221033868,,0.000289432817311547,0.0003090676500207665,ad037ef96f3433a1ad4008994956f89c68a3ed39,3845,1122,23063,687,106,/home/ubuntu/retard-analysis/generated/stage_D_retardation_mid/jobs/4/output.h5.gz,terminated,24258,0.046252782587187735,0.046252782587187735,0.039089990593317775,D_amp15_target0.0500_producer_s20261011,13,20261011,0.7063364900354995,1.1489311973214242,0.5766707095212317,D,20400.0,0.7548501729747928,dysbiosis_guard
,producer,,0.05,15.0,,,0.025320565519103666,device_delivery,29314,29fd563ce73b28059cb439694e92466f451ddb4a,True,29fd563ce73b28059cb439694e92466f451ddb4a,0.12693593504809988,3.238468233246301,,0.0002922888918852282,0.00030965362314143153,ad037ef96f3433a1ad4008994956f89c68a3ed39,3721,1149,23931,611,22,/home/ubuntu/retard-analysis/generated/stage_D_retardation_mid/jobs/5/output.h5.gz,terminated,25073,0.045826187532405374,0.045826187532405374,0.03919628846285052,D_amp15_target0.0500_producer_s20261013,13,20261013,0.693132846711799,1.182655840598667,0.5965709535544897,D,20400.0,0.7724306819314029,dysbiosis_guard
