amplitude,container_image_digest,contrast,control_run_id,delta_slope_log10_ratio_per_h,delta_tail_median_log10_ratio,execution_source_sha_match_both,run_id,samples_control,samples_treatment,seed,slope_log10_ratio_per_h_control,slope_log10_ratio_per_h_treatment,t_common_s,tail_median_log10_ratio_control,tail_median_log10_ratio_treatment,window_s
15.0,994254241749.dkr.ecr.us-east-1.amazonaws.com/gutibm@sha256:fafc77ee802882bee6e47321515057aed20c0326d622bfb287862ef15304f748,producer_minus_same_seed_plasmid_free_null,C_amp15_plasmid_free_null_s20260911,0.30048673431898126,0.24169714618228066,True,C_amp15_producer_s20260911,13,13,20260911,0.0007737427136200779,0.30126047703260134,16800.0,-0.0012456955870233325,0.24045145059525733,7200.0
15.0,994254241749.dkr.ecr.us-east-1.amazonaws.com/gutibm@sha256:fafc77ee802882bee6e47321515057aed20c0326d622bfb287862ef15304f748,producer_minus_same_seed_plasmid_free_null,C_amp15_plasmid_free_null_s20260913,0.30019889352191526,0.22051831260480614,True,C_amp15_producer_s20260913,13,13,20260913,0.0022342686857399797,0.30243316220765526,16800.0,-0.0011412290942351732,0.21937708351057097,7200.0
15.0,994254241749.dkr.ecr.us-east-1.amazonaws.com/gutibm@sha256:fafc77ee802882bee6e47321515057aed20c0326d622bfb287862ef15304f748,producer_minus_same_seed_plasmid_free_null,C_amp15_plasmid_free_null_s20260917,0.26179087464503337,0.1594740306255415,True,C_amp15_producer_s20260917,13,13,20260917,0.0018220422130541905,0.2636129168580876,16800.0,-0.007298280413768576,0.15217575021177293,7200.0
20.0,994254241749.dkr.ecr.us-east-1.amazonaws.com/gutibm@sha256:fafc77ee802882bee6e47321515057aed20c0326d622bfb287862ef15304f748,producer_minus_same_seed_plasmid_free_null,C_amp15_plasmid_free_null_s20260911,0.347344773737432,0.23281934943556667,True,C_amp20_producer_s20260911,13,13,20260911,0.0007737427136200779,0.3481185164510521,16800.0,-0.0012456955870233325,0.23157365384854334,7200.0
20.0,994254241749.dkr.ecr.us-east-1.amazonaws.com/gutibm@sha256:fafc77ee802882bee6e47321515057aed20c0326d622bfb287862ef15304f748,producer_minus_same_seed_plasmid_free_null,C_amp15_plasmid_free_null_s20260913,0.32015824179366087,0.23198373304171277,True,C_amp20_producer_s20260913,13,13,20260913,0.0022342686857399797,0.3223925104794009,16800.0,-0.0011412290942351732,0.2308425039474776,7200.0
20.0,994254241749.dkr.ecr.us-east-1.amazonaws.com/gutibm@sha256:fafc77ee802882bee6e47321515057aed20c0326d622bfb287862ef15304f748,producer_minus_same_seed_plasmid_free_null,C_amp15_plasmid_free_null_s20260917,0.26791590707302654,0.2182932455392566,True,C_amp20_producer_s20260917,13,13,20260917,0.0018220422130541905,0.26973794928608075,16800.0,-0.007298280413768576,0.21099496512548804,7200.0
30.0,994254241749.dkr.ecr.us-east-1.amazonaws.com/gutibm@sha256:fafc77ee802882bee6e47321515057aed20c0326d622bfb287862ef15304f748,producer_minus_same_seed_plasmid_free_null,C_amp15_plasmid_free_null_s20260911,0.41082144951488364,0.275772810696492,True,C_amp30_producer_s20260911,13,13,20260911,0.0007737427136200779,0.4115951922285037,16800.0,-0.0012456955870233325,0.2745271151094687,7200.0
30.0,994254241749.dkr.ecr.us-east-1.amazonaws.com/gutibm@sha256:fafc77ee802882bee6e47321515057aed20c0326d622bfb287862ef15304f748,producer_minus_same_seed_plasmid_free_null,C_amp15_plasmid_free_null_s20260913,0.35356163365977666,0.23889140425383848,True,C_amp30_producer_s20260913,13,13,20260913,0.0022342686857399797,0.35579590234551667,16800.0,-0.0011412290942351732,0.2377501751596033,7200.0
30.0,994254241749.dkr.ecr.us-east-1.amazonaws.com/gutibm@sha256:fafc77ee802882bee6e47321515057aed20c0326d622bfb287862ef15304f748,producer_minus_same_seed_plasmid_free_null,C_amp15_plasmid_free_null_s20260917,0.3529100661605455,0.3203909857674955,True,C_amp30_producer_s20260917,13,13,20260917,0.0018220422130541905,0.3547321083735997,16800.0,-0.007298280413768576,0.3130927053537269,7200.0
