amplitude,analysis_error,arm,authentication_violation_count,authentication_violations,chemistry_placement,execution_source_sha_match,execution_source_sha_observed,kills_per_lysis,mortality_colicin,mortality_lysis,mpi_rank_count,n_type1,n_type2,output_path,output_status,producer_divisions,realized_lysis_per_producer_division,run_id,seed,slope_log10_ratio_per_h,t_end_s,tail_median_log10_ratio,termination_cause,window_samples
15.0,,producer,0,,device_delivery,True,29fd563ce73b28059cb439694e92466f451ddb4a,10.043233082706767,5343,532,1,26539,1290,generated/results/0/output.h5.gz,terminated,27116,0.019619412892757045,C_amp15_producer_s20260911,20260911,0.5149955794192734,20400.0,0.5899958999225122,dysbiosis_guard,13
15.0,,producer,0,,device_delivery,True,29fd563ce73b28059cb439694e92466f451ddb4a,9.44186046511628,5278,559,1,27383,1317,generated/results/1/output.h5.gz,terminated,27993,0.019969278033794162,C_amp15_producer_s20260913,20260913,0.5127509666664654,20400.0,0.5854407447355282,dysbiosis_guard,13
15.0,,producer,0,,device_delivery,True,29fd563ce73b28059cb439694e92466f451ddb4a,11.684108527131784,6029,516,1,25700,1751,generated/results/2/output.h5.gz,terminated,26327,0.01959965054886618,C_amp15_producer_s20260917,20260917,0.4941796254904221,20400.0,0.4901713988939844,dysbiosis_guard,13
20.0,,producer,0,,device_delivery,True,29fd563ce73b28059cb439694e92466f451ddb4a,8.94055944055944,5114,572,1,26794,1029,generated/results/3/output.h5.gz,terminated,27407,0.020870580508629184,C_amp20_producer_s20260911,20260911,0.5634386234820277,20400.0,0.641233393565159,dysbiosis_guard,13
20.0,,producer,0,,device_delivery,True,29fd563ce73b28059cb439694e92466f451ddb4a,9.03921568627451,5071,561,1,27541,904,generated/results/4/output.h5.gz,terminated,28156,0.01992470521380878,C_amp20_producer_s20260913,20260913,0.6113431049243213,20400.0,0.6425508165543947,dysbiosis_guard,13
20.0,,producer,0,,device_delivery,True,29fd563ce73b28059cb439694e92466f451ddb4a,10.743589743589743,5447,507,1,25692,1428,generated/results/5/output.h5.gz,terminated,26293,0.019282698817175675,C_amp20_producer_s20260917,20260917,0.5065582115598509,20400.0,0.5373560214094404,dysbiosis_guard,13
30.0,,producer,0,,device_delivery,True,29fd563ce73b28059cb439694e92466f451ddb4a,7.385008517887564,4335,587,1,26976,636,generated/results/6/output.h5.gz,terminated,27619,0.021253484919801585,C_amp30_producer_s20260911,20260911,0.6380445421967511,20400.0,0.7878456570325187,dysbiosis_guard,13
30.0,,producer,0,,device_delivery,True,29fd563ce73b28059cb439694e92466f451ddb4a,8.65,4844,560,1,27612,825,generated/results/7/output.h5.gz,terminated,28254,0.01982020244921073,C_amp30_producer_s20260913,20260913,0.628540947108019,20400.0,0.6797831042331219,dysbiosis_guard,13
30.0,,producer,0,,device_delivery,True,29fd563ce73b28059cb439694e92466f451ddb4a,6.985840707964602,3947,565,1,25183,574,generated/results/8/output.h5.gz,terminated,25828,0.02187548397088431,C_amp30_producer_s20260917,20260917,0.6447487744541927,20400.0,0.74632487636336,dysbiosis_guard,13
15.0,,plasmid_free_null,0,,device_delivery,True,29fd563ce73b28059cb439694e92466f451ddb4a,,0,0,1,7642,7680,generated/results/9/output.h5.gz,terminated,8319,0.0,C_amp15_plasmid_free_null_s20260911,20260911,0.0007737427136200779,16800.0,-0.0012456955870233325,dysbiosis_guard,13
15.0,,plasmid_free_null,0,,device_delivery,True,29fd563ce73b28059cb439694e92466f451ddb4a,,0,0,1,7579,7597,generated/results/10/output.h5.gz,terminated,8711,0.0,C_amp15_plasmid_free_null_s20260913,20260913,0.0022342686857399797,16800.0,-0.0011412290942351732,dysbiosis_guard,13
15.0,,plasmid_free_null,0,,device_delivery,True,29fd563ce73b28059cb439694e92466f451ddb4a,,0,0,1,7525,7679,generated/results/11/output.h5.gz,terminated,8284,0.0,C_amp15_plasmid_free_null_s20260917,20260917,0.0018220422130541905,16800.0,-0.007298280413768576,dysbiosis_guard,13
